Year,Make,Model,Drivetrain,Power,Torque,Weight,Displacement,Front %,Speed,Handling,Acceleration,Launch,Braking,Offroad,Sim_0_60,Sim_0_100,Sim_Braking_60,Sim_Braking_100,Sim_Lateral_G_60,Sim_Lateral_G_120,Sim_Top_Speed,Sim_Aero_Efficiency,Sim_Mech_Balance,Sim_Aero_Balance
1968,Abarth,595 Esseesse,RWD,28 HP,34 LB-FT,"1,257 LBS",0.59L,42%,2.6,3.8,1.7,2.6,2.0,5.2,27.861,N/A,183.0,N/A,0.73,0.73,73.9,0.85,0.59,0.00
2016,Abarth,695 Biposto,FWD,186 HP,183 LB-FT,"2,198 LBS",1.37L,64%,4.9,5.3,4.7,3.9,4.8,5.0,5.703,16.609,116.0,290.8,1.05,1.10,138.7,0.84,0.59,0.57
1980,Abarth,Fiat 131,RWD,140 HP,130 LB-FT,"2,161 LBS",2L,54%,4.3,4.1,4.1,3.9,3.2,5.9,8.052,23.675,154.3,380.2,0.89,0.90,120.1,0.83,0.35,0.47
2023,Acura,Integra A-Spec,FWD,200 HP,192 LB-FT,"3,073 LBS",1.5L,60%,5.7,4.7,4.2,4.2,3.7,5.5,6.899,17.104,137.6,347.8,0.92,0.96,155.5,0.87,0.50,0.45
2001,Acura,Integra Type R,FWD,195 HP,130 LB-FT,"2,639 LBS",1.8L,62%,5.6,4.6,3.9,3.1,3.4,5.4,6.152,14.506,144.4,366.4,0.90,0.91,155.7,0.87,0.59,0.47
2022,Acura,NSX Type S,AWD,600 HP,492 LB-FT,"3,903 LBS",3.49L,42%,7.3,6.2,8.7,7.7,6.9,5.4,2.833,6.495,89.5,223.5,1.09,1.16,203.7,0.81,0.61,0.37
2002,Acura,RSX Type S,FWD,200 HP,142 LB-FT,"2,820 LBS",2L,61%,5.6,4.7,3.9,3.0,3.5,5.6,6.666,17.778,141.9,359.6,0.90,0.92,148.2,0.87,0.60,0.46
1992,Alfa Romeo,155 Q4,AWD,187 HP,219 LB-FT,"3,186 LBS",2L,61%,4.8,4.6,3.9,4.2,3.3,5.7,6.632,18.346,146.4,370.3,0.87,0.90,135.1,0.82,0.45,0.52
1968,Alfa Romeo,33 Stradale,RWD,245 HP,148 LB-FT,"1,543 LBS",2L,40%,6.2,4.4,5.7,4.4,3.6,5.0,5.418,11.521,146.7,358.6,0.95,0.94,170.9,0.89,0.59,0.00
2014,Alfa Romeo,4C,RWD,240 HP,238 LB-FT,"2,072 LBS",1.74L,41%,5.9,5.7,4.8,7.0,5.2,5.0,4.306,10.380,122.2,301.1,1.02,1.12,161.3,0.87,0.59,0.33
2007,Alfa Romeo,8C Competizione,RWD,450 HP,354 LB-FT,"3,495 LBS",4.69L,49%,7.0,5.3,5.4,5.5,4.9,5.2,4.155,9.182,123.8,302.5,0.97,1.03,193.5,0.85,0.53,0.37
2017,Alfa Romeo,Giulia Quadrifoglio,RWD,506 HP,442 LB-FT,"3,749 LBS",2.89L,50%,7.3,6.4,5.9,4.9,6.7,5.0,3.758,8.589,97.3,233.0,1.07,1.14,198.8,0.85,0.50,0.38
1965,Alfa Romeo,Giulia Sprint GTA Stradale,RWD,115 HP,105 LB-FT,"1,676 LBS",1.57L,54%,4.0,3.7,3.7,3.2,2.8,5.3,7.741,23.553,164.4,403.7,0.81,0.80,114.2,0.86,0.48,0.00
1965,Alfa Romeo,Giulia TZ2,RWD,168 HP,162 LB-FT,"1,367 LBS",1.57L,54%,5.5,3.8,4.3,4.4,3.4,5.1,5.737,13.166,154.4,376.5,0.92,0.93,152.0,0.90,0.48,0.44
2021,Alumicraft,#122 Class 1 Buggy,RWD,495 HP,450 LB-FT,"3,750 LBS",6.16L,38%,4.9,2.8,6.4,5.3,5.3,9.2,2.692,7.140,126.3,314.7,0.89,0.89,134.9,0.54,0.56,0.20
2022,Alumicraft,#6165 Trick Truck,RWD,430 HP,430 LB-FT,"5,750 LBS",6.16L,47%,4.4,3.0,3.6,2.6,5.0,9.4,4.799,13.449,129.3,314.5,0.85,0.84,120.4,0.45,0.46,0.00
2015,Alumicraft,Class 10 Race Car,RWD,195 HP,190 LB-FT,"2,200 LBS",2.38L,45%,4.4,3.7,5.0,4.1,4.8,10.0,4.877,15.674,137.3,335.6,0.91,0.91,119.0,0.72,0.48,0.00
2554,AMG Transport Dynamics,M12S Warthog CST,AWD,965 HP,905 LB-FT,"5,071 LBS",8L,54%,4.2,3.6,9.1,10.0,6.7,10.0,3.128,8.396,112.9,260.8,0.96,0.96,115.6,0.17,0.48,0.00
2013,Ariel,Atom 500 V8,RWD,475 HP,268 LB-FT,"1,433 LBS",2.97L,36%,6.3,7.7,7.8,8.5,6.9,4.5,3.000,5.582,104.3,243.7,1.30,1.61,176.6,0.87,0.63,0.29
2016,Ariel,Nomad,RWD,235 HP,221 LB-FT,"1,477 LBS",2.35L,38%,5.1,4.6,6.5,7.2,4.2,8.3,3.305,8.521,132.5,325.2,0.96,0.95,143.8,0.82,0.59,0.00
2017,Aston Martin,DB11,RWD,608 HP,516 LB-FT,"4,134 LBS",5.2L,51%,7.3,5.7,5.7,6.1,6.1,5.3,3.659,7.781,106.3,253.7,1.07,1.12,201.9,0.83,0.49,0.39
1964,Aston Martin,DB5,RWD,325 HP,268 LB-FT,"3,230 LBS",4L,51%,N/A,N/A,N/A,N/A,N/A,N/A,8.059,18.979,159.8,399.8,0.79,0.78,151.3,N/A,N/A,N/A
2019,Aston Martin,DBS Superleggera,RWD,715 HP,663 LB-FT,"3,966 LBS",5.2L,51%,7.8,5.8,5.8,6.2,6.9,5.0,3.347,6.228,93.5,227.7,1.09,1.16,215.4,0.81,0.52,0.39
2021,Aston Martin,DBX,AWD,543 HP,516 LB-FT,"4,949 LBS",3.98L,54%,6.5,4.8,5.9,6.1,5.2,6.7,4.506,10.326,105.5,263.4,1.03,1.02,178.5,0.79,0.48,0.00
2019,Aston Martin,Valhalla Concept Car,AWD,1042 HP,995 LB-FT,"3,097 LBS",2.99L,41%,8.5,9.2,10.0,10.0,10.0,4.9,1.883,3.760,63.2,149.7,1.72,2.10,245.0,0.83,0.61,0.33
2023,Aston Martin,Valkyrie,RWD,1140 HP,663 LB-FT,"2,976 LBS",6.5L,40%,9.2,8.7,7.4,8.0,10.0,4.6,3.217,5.450,74.1,164.3,1.37,1.67,250.3,0.81,0.64,0.32
2022,Aston Martin,Valkyrie AMR Pro,RWD,1000 HP,545 LB-FT,"2,370 LBS",6.5L,42%,7.9,9.4,8.0,8.6,10.0,4.7,2.517,4.233,61.5,130.5,1.95,2.81,215.0,0.74,0.61,0.36
2019,Aston Martin,Vantage,RWD,503 HP,505 LB-FT,"3,497 LBS",3.98L,50%,7.0,6.1,6.0,6.4,6.1,5.0,3.447,8.198,104.7,252.3,1.10,1.18,192.1,0.84,0.49,0.38
2016,Aston Martin,Vulcan,RWD,820 HP,590 LB-FT,"2,998 LBS",6.95L,54%,8.2,8.8,6.6,7.0,10.0,4.2,3.000,5.634,69.5,153.9,1.73,2.10,225.7,0.81,0.56,0.48
2017,Aston Martin,Vulcan AMR Pro,RWD,820 HP,590 LB-FT,"2,998 LBS",6.95L,54%,7.7,8.7,6.6,7.0,10.0,3.7,2.985,5.685,68.2,155.0,1.73,2.08,214.2,0.84,0.49,0.48
1986,Audi,#2 Audi Sport Quattro S1,AWD,469 HP,354 LB-FT,"2,403 LBS",2.11L,52%,6.3,6.0,8.9,2.4,5.4,8.1,3.029,6.926,104.2,255.1,1.12,1.25,175.8,0.80,0.50,0.50
2023,Audi,R8 Coupé V10 GT RWD,RWD,611 HP,416 LB-FT,"3,516 LBS",5.2L,40%,7.6,6.9,7.4,6.2,7.8,5.5,3.038,6.482,87.7,204.0,1.22,1.37,209.1,0.82,0.62,0.37
2013,Audi,R8 Coupé V10 Plus 5.2 FSI Quattro,AWD,542 HP,398 LB-FT,"3,682 LBS",5.2L,44%,7.3,6.2,7.1,6.6,6.8,5.5,3.151,6.971,101.6,245.5,1.00,1.08,202.4,0.84,0.61,0.35
2009,Audi,R8 LMS,RWD,643 HP,375 LB-FT,"3,064 LBS",5.2L,42%,7.2,8.1,7.7,7.7,9.5,4.4,3.539,7.377,70.9,163.6,1.64,1.89,186.9,0.77,0.61,0.35
2020,Audi,R8 V10 Performance,AWD,602 HP,413 LB-FT,"3,638 LBS",5.2L,41%,8.1,6.4,8.0,6.1,6.8,5.7,2.930,6.179,95.4,227.6,1.10,1.17,222.3,0.85,0.61,0.32
2016,Audi,R8 V10 Plus,AWD,602 HP,413 LB-FT,"3,428 LBS",5.2L,44%,7.8,6.4,7.7,5.9,7.2,5.7,2.640,5.989,95.1,225.1,1.11,1.19,215.1,0.85,0.59,0.39
2020,Audi,RS 3 Sedan,AWD,394 HP,354 LB-FT,"3,593 LBS",2.48L,58%,6.7,5.7,6.4,7.9,4.6,5.9,3.438,8.504,124.3,311.0,0.94,0.98,182.1,0.85,0.47,0.53
2011,Audi,RS 3 Sportback,AWD,335 HP,332 LB-FT,"3,472 LBS",2.48L,60%,6.0,5.6,5.2,6.5,4.1,5.8,4.436,11.477,130.0,330.3,0.92,0.94,166.1,0.85,0.44,0.51
2006,Audi,RS 4,AWD,420 HP,317 LB-FT,"3,638 LBS",4.16L,58%,6.9,5.5,6.0,5.5,4.4,5.7,4.641,11.022,126.4,318.9,0.93,0.96,190.7,0.86,0.42,0.49
2001,Audi,RS 4 Avant,AWD,375 HP,324 LB-FT,"3,571 LBS",2.67L,58%,6.4,5.3,5.5,4.7,3.6,5.7,4.465,11.362,137.1,347.4,0.92,0.93,175.7,0.86,0.44,0.49
2013,Audi,RS 4 Avant,AWD,444 HP,317 LB-FT,"3,957 LBS",4.16L,53%,7.0,5.6,5.5,5.2,5.2,5.7,4.623,10.238,113.4,280.6,0.94,0.96,186.7,0.85,0.48,0.44
2018,Audi,RS 4 Avant,AWD,444 HP,442 LB-FT,"3,946 LBS",2.89L,57%,7.2,5.6,7.1,9.4,4.9,5.6,3.780,8.835,116.6,293.8,0.96,0.98,197.3,0.86,0.44,0.48
2011,Audi,RS 5 Coupé,AWD,442 HP,317 LB-FT,"3,830 LBS",4.16L,57%,6.8,5.7,5.8,5.7,5.9,5.8,4.426,9.865,105.5,257.1,0.96,0.98,185.3,0.85,0.42,0.48
2003,Audi,RS 6,AWD,450 HP,415 LB-FT,"4,024 LBS",4.17L,59%,6.8,5.2,5.0,4.9,4.1,5.8,4.333,10.529,123.3,316.2,0.90,0.92,184.6,0.85,0.41,0.50
2009,Audi,RS 6,AWD,570 HP,478 LB-FT,"4,376 LBS",4.99L,59%,7.5,5.5,6.1,6.7,5.8,5.8,4.324,9.739,104.6,260.2,0.93,0.96,198.6,0.86,0.41,0.50
2015,Audi,RS 6 Avant,AWD,552 HP,516 LB-FT,"4,266 LBS",3.99L,53%,7.4,5.5,7.5,8.3,5.3,5.6,3.564,8.472,106.1,271.2,0.94,0.96,202.8,0.85,0.49,0.44
2021,Audi,RS 6 Avant,AWD,591 HP,590 LB-FT,"4,575 LBS",4L,55%,7.2,5.7,7.3,8.9,4.9,5.6,2.986,7.614,117.9,298.9,0.95,0.99,196.3,0.82,0.47,0.46
2013,Audi,RS 7 Sportback,AWD,552 HP,553 LB-FT,"4,310 LBS",3.99L,60%,7.6,5.3,7.0,8.2,5.6,5.7,3.570,8.486,104.3,262.3,0.92,0.93,205.4,0.87,0.40,0.51
2021,Audi,RS 7 Sportback,AWD,591 HP,590 LB-FT,"4,553 LBS",4L,56%,7.4,5.7,7.3,8.9,4.9,5.7,2.889,7.401,119.2,300.5,0.96,1.01,204.4,0.84,0.46,0.47
2021,Audi,RS e-tron GT,AWD,637 HP,612 LB-FT,"5,174 LBS",N/A,50%,6.0,5.1,8.4,9.4,4.2,5.4,2.770,7.049,120.4,318.9,0.92,0.95,171.8,0.89,0.54,0.38
2015,Audi,S1,AWD,228 HP,241 LB-FT,"2,899 LBS",1.98L,60%,5.6,5.5,5.2,4.4,3.7,5.9,5.702,13.694,141.9,353.8,0.92,0.96,154.7,0.85,0.44,0.51
1983,Audi,Sport Quattro,AWD,306 HP,258 LB-FT,"2,807 LBS",2.13L,55%,5.7,4.7,5.5,2.9,4.0,6.0,4.433,12.218,123.8,311.1,0.91,0.91,157.8,0.84,0.47,0.46
2010,Audi,TT RS Coupé,AWD,335 HP,332 LB-FT,"3,294 LBS",2.48L,60%,6.6,5.6,5.8,7.0,4.4,5.8,4.329,10.867,126.4,317.1,0.96,0.99,181.3,0.87,0.43,0.51
1993,Autozam,AZ-1,RWD,63 HP,63 LB-FT,"1,587 LBS",0.66L,44%,4.2,4.2,3.0,4.4,3.0,5.2,10.329,26.700,154.7,383.9,0.87,0.92,117.5,0.90,0.57,0.34
2014,BAC,Mono,RWD,280 HP,206 LB-FT,"1,354 LBS",2.3L,48%,6.1,7.3,6.3,6.7,8.1,4.5,2.754,6.597,89.5,207.3,1.29,1.52,171.8,0.90,0.54,0.36
2016,Bentley,Bentayga,AWD,599 HP,663 LB-FT,"5,340 LBS",5.95L,57%,7.0,4.7,6.2,7.4,4.0,6.7,4.304,9.932,129.6,332.2,0.92,0.91,192.7,0.80,0.43,0.00
2021,Bentley,Continental GT Convertible,AWD,626 HP,663 LB-FT,"5,322 LBS",5.95L,55%,7.7,5.3,6.2,9.6,4.3,5.5,3.604,7.920,125.2,321.8,0.93,0.95,210.6,0.81,0.49,0.46
1973,BMW,2002 Turbo,RWD,168 HP,181 LB-FT,"2,381 LBS",1.99L,54%,4.9,4.1,3.8,1.5,2.8,5.8,6.849,18.113,168.2,411.8,0.81,0.82,136.5,0.86,0.50,0.34
1995,BMW,850CSi,RWD,372 HP,402 LB-FT,"4,240 LBS",5.58L,51%,N/A,N/A,N/A,N/A,N/A,N/A,5.900,14.300,142.9,363.2,0.88,0.87,180.5,N/A,N/A,N/A
2015,BMW,i8,AWD,357 HP,420 LB-FT,"3,380 LBS",1.5L,49%,7.2,5.8,7.7,8.7,4.6,5.3,3.467,8.784,120.4,309.1,0.97,1.01,198.5,0.88,0.53,0.40
1957,BMW,Isetta 300 Export,RWD,13 HP,14 LB-FT,920 LBS,0.3L,40%,N/A,N/A,N/A,N/A,N/A,N/A,N/A,N/A,N/A,N/A,0.71,0.70,55.1,N/A,N/A,N/A
2022,BMW,iX xDrive50,AWD,516 HP,564 LB-FT,"5,534 LBS",N/A,48%,4.3,4.1,5.2,5.4,3.5,6.1,4.000,9.300,122.3,334.5,0.89,0.88,124.8,0.84,0.52,0.00
1981,BMW,M1,RWD,277 HP,243 LB-FT,"2,866 LBS",3.45L,44%,5.9,4.5,4.4,3.1,3.2,5.0,5.546,12.948,141.6,359.6,0.89,0.91,163.7,0.85,0.55,0.34
2023,BMW,M2,RWD,453 HP,405 LB-FT,"3,748 LBS",2.99L,50%,6.8,5.9,5.6,5.6,5.2,5.0,4.157,10.089,123.4,298.1,0.99,1.04,186.9,0.82,0.49,0.38
2020,BMW,M2 Competition Coupé,RWD,405 HP,405 LB-FT,"3,655 LBS",2.98L,52%,6.8,5.3,5.3,5.6,5.3,5.1,3.961,8.921,117.3,288.0,0.97,1.01,186.7,0.83,0.50,0.43
2023,BMW,M2 Forza Edition,RWD,453 HP,405 LB-FT,"3,644 LBS",2.99L,50%,6.9,6.2,5.4,5.7,5.8,4.5,N/A,N/A,N/A,N/A,N/A,N/A,N/A,N/A,N/A,N/A
1988,BMW,M3,RWD,192 HP,170 LB-FT,"2,762 LBS",2.3L,51%,5.7,4.5,4.4,4.5,3.1,5.3,6.784,19.323,152.4,376.7,0.89,0.91,155.5,0.87,0.51,0.41
1997,BMW,M3,RWD,321 HP,258 LB-FT,"3,219 LBS",3.2L,50%,6.5,4.5,4.9,5.2,3.6,5.6,5.249,12.056,144.5,356.7,0.92,0.93,175.5,0.86,0.53,0.40
2005,BMW,M3,RWD,333 HP,262 LB-FT,"3,415 LBS",3.25L,50%,6.4,4.7,5.0,5.0,3.8,5.5,4.655,11.484,143.6,350.1,0.92,0.96,176.1,0.86,0.54,0.35
2008,BMW,M3,RWD,414 HP,295 LB-FT,"3,649 LBS",4L,52%,6.8,5.3,5.0,5.3,4.5,5.0,4.059,9.305,134.6,325.1,0.95,0.98,186.3,0.82,0.49,0.37
2010,BMW,M3 GTS,RWD,444 HP,324 LB-FT,"3,408 LBS",4.36L,52%,7.3,6.8,5.5,5.9,5.6,4.8,4.040,8.710,115.8,274.6,1.11,1.19,199.2,0.86,0.49,0.40
2021,BMW,M4 Competition Coupé,RWD,503 HP,479 LB-FT,"3,803 LBS",2.99L,53%,7.1,5.4,5.2,5.5,5.2,5.4,3.618,7.839,121.6,296.2,0.99,1.05,195.3,0.84,0.48,0.41
2021,BMW,M4 Competition Coupé Welcome Pack,RWD,578 HP,551 LB-FT,"2,976 LBS",2.99L,53%,7.7,7.0,6.1,6.6,6.8,4.8,3.596,7.786,95.1,228.6,1.28,1.44,212.0,0.84,0.56,0.46
2014,BMW,M4 Coupé,RWD,425 HP,406 LB-FT,"3,389 LBS",2.98L,52%,7.1,5.5,5.3,5.6,6.5,5.1,3.861,9.797,102.9,248.4,0.99,1.06,193.8,0.85,0.49,0.40
2016,BMW,M4 GTS,RWD,493 HP,442 LB-FT,"3,329 LBS",2.98L,51%,7.2,6.7,5.7,6.0,7.0,4.6,3.671,7.854,94.7,224.8,1.12,1.20,197.1,0.86,0.49,0.39
1988,BMW,M5,RWD,282 HP,251 LB-FT,"3,230 LBS",3.45L,52%,5.8,4.1,4.3,3.9,3.1,5.4,5.752,14.363,145.8,367.5,0.86,0.87,158.8,0.85,0.50,0.42
1995,BMW,M5,RWD,342 HP,301 LB-FT,"3,772 LBS",3.8L,50%,6.7,4.7,4.6,4.2,3.6,5.2,5.550,13.771,141.7,347.8,0.89,0.93,181.0,0.88,0.53,0.40
2003,BMW,M5,RWD,394 HP,368 LB-FT,"3,900 LBS",4.94L,53%,7.1,5.0,5.0,5.2,3.8,5.5,4.754,11.181,140.7,351.2,0.92,0.94,192.7,0.87,0.49,0.38
2009,BMW,M5,RWD,500 HP,383 LB-FT,"4,012 LBS",5L,52%,7.1,5.3,5.1,4.9,4.4,5.4,4.046,9.396,132.3,323.3,0.93,0.96,193.4,0.86,0.50,0.37
2012,BMW,M5,RWD,552 HP,501 LB-FT,"4,123 LBS",4.4L,52%,7.4,5.4,5.3,5.6,4.8,5.1,4.030,9.366,124.6,307.3,0.97,1.00,202.1,0.85,0.51,0.37
2022,BMW,M5 CS,AWD,626 HP,553 LB-FT,"4,023 LBS",4.4L,56%,7.6,6.0,9.5,10.0,6.7,5.6,2.502,6.013,90.6,216.6,1.14,1.19,208.8,0.82,0.48,0.51
2020,BMW,M8 Competition Coupé,AWD,617 HP,553 LB-FT,"4,354 LBS",4.4L,53%,7.7,5.7,8.6,9.7,6.3,5.7,2.405,6.122,101.0,250.6,0.97,1.02,210.0,0.84,0.51,0.41
2011,BMW,X5 M,AWD,547 HP,501 LB-FT,"5,368 LBS",4.4L,51%,6.4,4.3,5.9,6.6,3.7,6.6,3.953,9.876,135.0,341.7,0.89,0.89,175.9,0.79,0.48,0.42
2024,BMW,X6 M Competition,AWD,617 HP,553 LB-FT,"5,454 LBS",4.4L,52%,7.1,5.2,8.5,9.8,5.0,5.8,3.157,7.727,103.1,266.6,1.02,1.01,197.1,0.77,0.50,0.00
2008,BMW,Z4 M Coupé,RWD,330 HP,262 LB-FT,"3,296 LBS",3.25L,50%,6.4,5.4,5.4,4.9,4.3,5.6,4.853,12.065,134.4,327.1,0.96,0.99,175.8,0.87,0.50,0.35
2019,BMW,Z4 Roadster,RWD,382 HP,369 LB-FT,"3,252 LBS",3L,50%,6.7,5.2,5.6,6.0,4.4,5.1,4.295,9.687,132.8,325.7,0.99,1.02,182.7,0.85,0.51,0.35
1987,Buick,Regal GNX,RWD,300 HP,380 LB-FT,"3,545 LBS",3.79L,55%,5.7,3.7,3.8,2.5,2.5,5.7,4.637,12.723,164.7,408.7,0.83,0.82,158.4,0.81,0.47,0.00
2016,Cadillac,ATS-V,RWD,464 HP,444 LB-FT,"3,700 LBS",3.56L,51%,7.0,4.9,5.2,3.4,4.2,5.6,4.159,9.715,134.3,330.7,0.94,0.97,185.2,0.86,0.49,0.36
2022,Cadillac,CT4-V Blackwing,RWD,472 HP,444 LB-FT,"3,860 LBS",3.56L,50%,7.0,5.7,5.6,2.7,4.9,5.6,3.941,9.267,118.9,288.2,1.05,1.11,192.3,0.84,0.52,0.38
2022,Cadillac,CT5-V Blackwing,RWD,668 HP,658 LB-FT,"4,123 LBS",6.16L,53%,7.4,5.6,5.6,5.4,6.7,5.3,3.548,7.595,96.3,232.4,1.07,1.12,197.2,0.80,0.50,0.41
2016,Cadillac,CTS-V Sedan,RWD,640 HP,630 LB-FT,"4,128 LBS",6.16L,53%,7.2,4.8,4.9,5.2,4.4,5.0,3.435,7.262,128.5,321.5,0.94,0.96,199.4,0.80,0.50,0.38
2013,Cadillac,XTS Limousine,FWD,304 HP,264 LB-FT,"5,500 LBS",3.56L,60%,5.3,4.5,2.7,1.8,3.0,5.8,9.378,23.507,165.9,392.3,0.84,0.83,144.2,0.80,0.42,0.00
2018,Can-Am,Maverick X RS Turbo R,AWD,172 HP,124 LB-FT,"1,655 LBS",0.9L,40%,4.1,3.6,6.8,9.6,4.5,10.0,4.295,12.922,138.7,337.1,0.94,0.93,114.9,0.75,0.64,0.00
2019,Casey Currie Motorsports,#4402 Ultra 4 'Trophy Jeep',AWD,850 HP,650 LB-FT,"4,850 LBS",7.44L,48%,5.2,3.0,5.0,4.6,5.4,9.4,2.677,4.841,117.4,296.8,0.91,0.90,140.5,0.36,0.51,0.00
1955,Chevrolet,150 Utility Sedan,RWD,162 HP,257 LB-FT,"3,390 LBS",4.34L,55%,4.3,3.4,3.0,2.8,2.0,6.0,9.632,28.685,181.3,452.2,0.73,0.73,118.8,0.82,0.45,0.00
1957,Chevrolet,Bel Air,RWD,220 HP,300 LB-FT,"3,337 LBS",4.64L,57%,4.8,3.6,2.8,1.6,2.1,6.2,7.285,19.500,179.9,444.8,0.75,0.75,131.4,0.80,0.41,0.00
1969,Chevrolet,Camaro Super Sport Coupe,RWD,375 HP,415 LB-FT,"3,527 LBS",6.48L,58%,N/A,N/A,N/A,N/A,N/A,N/A,6.384,16.263,156.4,380.3,0.83,0.82,139.3,N/A,N/A,N/A
2015,Chevrolet,Camaro Z/28,RWD,505 HP,481 LB-FT,"3,837 LBS",7.01L,52%,6.7,5.9,5.5,5.4,7.2,5.0,4.352,9.358,93.1,221.2,1.13,1.21,182.7,0.80,0.49,0.40
1970,Chevrolet,Camaro Z28,RWD,360 HP,380 LB-FT,"3,550 LBS",5.74L,57%,5.1,3.5,3.4,3.3,2.4,5.1,5.746,13.989,175.8,433.0,0.78,0.77,141.2,0.84,0.44,0.00
1979,Chevrolet,Camaro Z28,RWD,175 HP,270 LB-FT,"3,560 LBS",5.73L,56%,4.5,3.9,3.5,2.9,2.5,5.6,7.180,20.146,169.5,418.8,0.80,0.79,127.8,0.82,0.44,0.00
2017,Chevrolet,Camaro ZL1,RWD,650 HP,650 LB-FT,"3,883 LBS",6.44L,50%,7.3,6.4,6.1,4.9,5.5,5.2,3.700,7.767,104.1,255.6,1.21,1.30,203.1,0.82,0.49,0.38
2018,Chevrolet,Camaro ZL1 1LE,RWD,850 HP,658 LB-FT,"3,837 LBS",6.16L,54%,N/A,N/A,N/A,N/A,N/A,N/A,3.506,7.984,106.2,249.7,1.25,1.38,192.1,N/A,N/A,N/A
1970,Chevrolet,Chevelle Super Sport 454,RWD,450 HP,500 LB-FT,"3,799 LBS",7.44L,59%,4.7,3.4,3.3,3.2,2.4,5.5,6.044,13.299,177.4,432.6,0.77,0.76,129.7,0.81,0.42,0.00
1953,Chevrolet,Corvette,RWD,160 HP,223 LB-FT,"2,900 LBS",3.86L,53%,4.6,3.9,2.3,1.2,2.0,5.8,10.982,28.842,186.2,451.5,0.77,0.77,123.0,0.85,0.47,0.00
1960,Chevrolet,Corvette,RWD,290 HP,290 LB-FT,"3,080 LBS",4.64L,55%,5.4,3.8,3.6,2.8,2.5,5.8,6.538,14.935,178.2,439.2,0.78,0.78,148.1,0.82,0.44,0.00
2024,Chevrolet,Corvette E-Ray,AWD,645 HP,591 LB-FT,"3,890 LBS",6.16L,41%,7.2,6.8,9.5,9.6,7.3,5.4,2.404,6.125,85.7,215.6,1.13,1.21,200.3,0.80,0.64,0.34
1967,Chevrolet,Corvette Stingray 427,RWD,435 HP,460 LB-FT,"3,384 LBS",7L,46%,5.5,4.1,3.9,3.0,3.1,6.0,4.715,12.141,157.4,393.2,0.81,0.81,152.6,0.84,0.56,0.00
2020,Chevrolet,Corvette Stingray Coupe,RWD,495 HP,469 LB-FT,"3,577 LBS",6.16L,40%,7.2,6.2,6.9,7.6,5.2,5.4,2.718,6.926,114.5,283.3,1.11,1.19,198.1,0.84,0.62,0.32
2002,Chevrolet,Corvette Z06,RWD,405 HP,400 LB-FT,"3,120 LBS",5.67L,56%,7.2,5.2,4.6,4.5,3.9,5.0,4.458,9.789,141.7,348.2,0.98,1.03,191.2,0.89,0.45,0.41
2015,Chevrolet,Corvette Z06,RWD,650 HP,650 LB-FT,"3,536 LBS",6.16L,50%,7.8,6.0,6.0,6.5,7.5,5.0,3.260,7.480,90.6,214.9,1.15,1.26,214.0,0.84,0.53,0.44
2023,Chevrolet,Corvette Z06,RWD,670 HP,460 LB-FT,"3,557 LBS",5.46L,39%,7.2,6.8,7.4,8.2,7.7,4.9,2.550,5.800,81.7,197.9,1.25,1.37,194.0,0.79,0.64,0.32
1970,Chevrolet,Corvette ZR-1,RWD,370 HP,380 LB-FT,"3,373 LBS",5.74L,49%,N/A,N/A,N/A,N/A,N/A,N/A,5.684,10.100,157.2,389.3,0.83,0.82,136.5,N/A,N/A,N/A
1995,Chevrolet,Corvette ZR-1,RWD,405 HP,385 LB-FT,"3,505 LBS",5.73L,52%,6.5,4.5,4.8,4.0,3.7,5.1,4.837,10.662,141.2,343.7,0.95,0.97,180.2,0.83,0.48,0.42
2009,Chevrolet,Corvette ZR1,RWD,638 HP,604 LB-FT,"3,350 LBS",6.16L,52%,7.8,5.6,5.5,4.6,6.6,4.8,3.300,7.296,99.9,243.2,1.04,1.09,214.3,0.85,0.50,0.37
2019,Chevrolet,Corvette ZR1,RWD,755 HP,715 LB-FT,"3,560 LBS",6.16L,50%,7.8,6.6,6.5,7.0,7.7,4.6,2.947,5.922,86.9,203.1,1.24,1.37,214.5,0.81,0.52,0.43
1970,Chevrolet,El Camino Super Sport 454,RWD,450 HP,500 LB-FT,"3,820 LBS",7.44L,60%,5.9,3.4,3.2,3.1,2.4,5.6,6.086,13.354,177.8,435.1,0.77,0.76,160.6,0.82,0.41,0.00
1996,Chevrolet,Impala Super Sport,RWD,260 HP,330 LB-FT,"4,037 LBS",5.73L,55%,5.0,4.0,3.6,2.6,2.7,5.5,6.426,17.803,158.4,392.2,0.83,0.82,139.2,0.79,0.46,0.00
1964,Chevrolet,Impala Super Sport 409,RWD,425 HP,425 LB-FT,"3,877 LBS",6.67L,56%,5.5,3.4,3.4,3.0,2.3,5.6,6.240,12.656,179.3,444.7,0.76,0.76,150.4,0.82,0.44,0.00
1972,Chevrolet,K-10 Custom,AWD,175 HP,290 LB-FT,"3,936 LBS",5.77L,60%,3.6,3.0,3.0,2.6,2.7,8.3,10.863,53.916,165.0,404.2,0.79,0.78,101.0,0.63,0.43,0.00
1988,Chevrolet,Monte Carlo Super Sport,RWD,180 HP,225 LB-FT,"3,522 LBS",5L,57%,5.0,3.8,3.1,2.3,2.0,5.2,8.931,28.129,184.1,447.1,0.76,0.76,136.6,0.85,0.45,0.00
1969,Chevrolet,Nova Super Sport 396,RWD,375 HP,415 LB-FT,"3,470 LBS",6.49L,55%,5.4,3.6,3.5,2.9,2.4,5.5,6.000,13.238,176.3,433.1,0.77,0.77,148.5,0.83,0.47,0.00
2020,Chevrolet,Silverado LT Trail Boss,AWD,420 HP,460 LB-FT,"5,100 LBS",6.16L,59%,5.4,2.8,4.9,4.2,3.1,8.6,5.329,13.550,142.3,364.1,0.82,0.82,148.4,0.72,0.37,0.00
1970,Datsun,510,RWD,96 HP,100 LB-FT,"2,127 LBS",1.6L,54%,3.7,3.4,2.8,2.3,1.9,5.3,13.409,41.283,186.2,450.8,0.73,0.73,104.0,0.82,0.49,0.00
1972,Datsun,#269 Attacking the Clock Racing 240Z 'All Carbon Hill Climb Beast',RWD,850 HP,811 LB-FT,"2,600 LBS",5.33L,51%,6.4,9.1,7.1,7.5,10.0,4.2,3.095,5.144,69.3,149.9,1.89,2.75,178.8,0.66,0.55,0.45
1969,Datsun,2000 Roadster,RWD,135 HP,132 LB-FT,"2,135 LBS",1.98L,56%,4.2,4.1,2.8,1.8,2.6,5.7,9.214,27.661,172.1,425.4,0.79,0.78,118.3,0.86,0.49,0.00
2018,DeBerti,Chevrolet Silverado 1500 Drift Truck,RWD,1005 HP,912 LB-FT,"3,508 LBS",6.96L,51%,6.7,4.5,4.9,5.1,5.2,4.2,3.000,5.454,110.6,278.1,1.07,1.07,179.1,0.70,0.43,0.36
2019,DeBerti,Ford Super Duty F-250 Lariat 'Transformer',AWD,850 HP,1200 LB-FT,"7,740 LBS",6.65L,53%,5.6,3.6,4.9,3.8,3.8,10.0,5.149,12.513,153.2,373.6,0.83,0.82,155.5,0.49,0.43,0.00
2013,DeBerti,Jeep Wrangler Unlimited,AWD,707 HP,650 LB-FT,"4,650 LBS",6.17L,50%,4.7,3.8,6.3,4.8,4.4,9.7,3.431,8.158,136.6,346.5,0.92,0.91,132.4,0.62,0.49,0.00
2019,DeBerti,Toyota Tacoma TRD ‘The Performance Truck’,RWD,900 HP,626 LB-FT,"3,215 LBS",6.88L,51%,6.4,5.1,4.9,5.1,6.6,4.9,3.551,6.255,108.1,257.4,1.10,1.24,176.1,0.60,0.43,0.43
1982,DeLorean,DMC-12,RWD,130 HP,160 LB-FT,"2,844 LBS",2.85L,38%,4.3,4.7,2.8,2.3,3.1,6.2,9.419,34.767,155.7,377.3,0.89,0.89,118.7,0.84,0.65,0.00
1970,Dodge,Challenger R/T,RWD,425 HP,490 LB-FT,"3,800 LBS",6.98L,58%,5.5,3.5,3.4,3.3,2.5,5.2,6.241,12.097,170.6,422.1,0.79,0.78,149.7,0.82,0.44,0.00
2018,Dodge,Challenger SRT Demon,RWD,840 HP,770 LB-FT,"4,248 LBS",6.17L,58%,7.8,5.0,4.8,5.0,5.3,5.0,2.259,5.847,114.7,280.0,0.99,1.00,207.7,0.81,0.42,0.43
2015,Dodge,Challenger SRT Hellcat,RWD,707 HP,650 LB-FT,"4,438 LBS",6.17L,57%,7.7,4.7,4.5,4.6,4.9,4.8,3.528,7.463,120.3,295.4,0.93,0.94,207.0,0.82,0.44,0.42
2022,Dodge,Challenger SRT Super Stock,RWD,807 HP,707 LB-FT,"4,441 LBS",6.17L,57%,7.6,5.1,5.2,5.5,4.7,4.7,3.516,6.956,119.3,292.5,1.07,1.08,205.3,0.78,0.45,0.42
1969,Dodge,Charger Daytona HEMI,RWD,425 HP,490 LB-FT,"3,875 LBS",6.97L,54%,5.0,3.5,3.8,3.7,2.8,5.6,6.272,13.764,168.4,417.8,0.79,0.81,139.0,0.86,0.48,0.44
1969,Dodge,Charger R/T,RWD,425 HP,490 LB-FT,"3,671 LBS",6.98L,54%,5.1,3.5,3.6,3.5,2.4,5.3,5.955,15.748,169.0,424.1,0.78,0.77,140.5,0.84,0.47,0.00
2015,Dodge,Charger SRT Hellcat,RWD,707 HP,650 LB-FT,"4,575 LBS",6.17L,54%,7.8,4.8,4.7,4.9,5.0,5.1,3.339,7.063,120.3,295.9,0.92,0.94,211.3,0.81,0.47,0.39
1970,Dodge,Coronet Super Bee,RWD,425 HP,490 LB-FT,"3,420 LBS",6.97L,58%,5.8,3.1,3.5,3.4,2.4,5.3,5.249,12.598,170.9,426.1,0.80,0.80,158.0,0.84,0.45,0.00
1968,Dodge,Dart HEMI Super Stock,RWD,425 HP,490 LB-FT,"3,020 LBS",6.97L,54%,3.8,3.3,4.1,4.2,2.9,5.1,3.520,9.129,158.8,396.0,0.83,0.83,105.0,0.82,0.44,0.00
2021,Dodge,Durango SRT Hellcat,AWD,710 HP,645 LB-FT,"5,534 LBS",6.17L,52%,7.0,4.4,8.4,7.6,4.3,6.2,3.485,8.618,120.6,313.2,0.92,0.91,186.1,0.75,0.48,0.00
2016,Dodge,Viper ACR,RWD,645 HP,600 LB-FT,"3,368 LBS",8.38L,50%,7.1,7.5,6.5,5.6,9.1,4.9,3.500,7.247,84.5,192.7,1.30,1.52,193.8,0.76,0.52,0.44
1999,Dodge,Viper GTS ACR,RWD,460 HP,500 LB-FT,"3,450 LBS",7.99L,48%,6.9,4.9,5.2,4.1,4.0,5.0,4.300,9.465,131.9,326.4,0.97,1.00,189.7,0.85,0.53,0.38
1999,Dodge,Viper GTS ACR Forza Edition,RWD,516 HP,561 LB-FT,"3,060 LBS",7.99L,48%,8.1,4.1,5.7,6.0,4.7,10.0,N/A,N/A,N/A,N/A,N/A,N/A,N/A,N/A,N/A,N/A
1967,Ferrari,#24 Ferrari Spa 330 P4,RWD,450 HP,385 LB-FT,"2,271 LBS",3.97L,40%,7.2,4.5,6.3,5.9,4.2,4.9,3.800,7.864,127.9,320.1,1.04,1.08,198.3,0.88,0.61,0.30
1962,Ferrari,250 GT Berlinetta Lusso,RWD,250 HP,215 LB-FT,"2,249 LBS",2.95L,52%,N/A,N/A,N/A,N/A,N/A,N/A,6.744,14.075,162.5,398.3,0.82,0.81,150.0,N/A,N/A,N/A
1962,Ferrari,250 GTO,RWD,300 HP,216 LB-FT,"2,299 LBS",2.95L,52%,6.4,3.6,3.5,2.5,2.8,5.4,6.066,13.008,162.8,406.6,0.83,0.82,175.1,0.89,0.49,0.00
1984,Ferrari,288 GTO,RWD,395 HP,366 LB-FT,"2,822 LBS",2.86L,47%,7.4,5.1,5.6,3.1,4.2,5.1,4.917,10.801,126.7,317.2,1.08,1.10,203.0,0.89,0.49,0.37
2022,Ferrari,296 GTB,RWD,818 HP,663 LB-FT,"3,472 LBS",2.99L,41%,8.1,6.9,7.0,7.7,7.7,4.6,2.707,5.526,83.1,201.0,1.24,1.39,223.2,0.83,0.62,0.34
2007,Ferrari,430 Scuderia,RWD,503 HP,346 LB-FT,"3,150 LBS",4.31L,43%,7.6,6.0,6.2,6.4,6.8,4.9,3.064,6.999,101.3,242.8,1.02,1.11,208.7,0.87,0.57,0.31
2009,Ferrari,458 Italia,RWD,562 HP,398 LB-FT,"3,274 LBS",4.5L,42%,N/A,N/A,N/A,N/A,N/A,N/A,2.988,6.500,182.9,246.7,1.02,1.12,219.9,N/A,N/A,N/A
2013,Ferrari,458 Speciale,RWD,597 HP,398 LB-FT,"3,075 LBS",4.5L,42%,7.7,6.9,6.9,7.5,7.6,4.3,2.811,5.905,92.1,220.0,1.14,1.28,213.5,0.86,0.59,0.35
2015,Ferrari,488 GTB,RWD,668 HP,560 LB-FT,"3,252 LBS",3.9L,42%,N/A,N/A,N/A,N/A,N/A,N/A,2.788,5.700,93.6,221.4,1.14,1.29,223.1,N/A,N/A,N/A
2019,Ferrari,488 Pista,RWD,711 HP,567 LB-FT,"3,053 LBS",3.9L,42%,7.6,7.2,7.0,7.6,8.0,4.6,2.228,4.813,84.1,198.4,1.26,1.43,210.3,0.81,0.59,0.36
1970,Ferrari,512 S,RWD,542 HP,371 LB-FT,"2,090 LBS",4.99L,36%,7.9,6.5,6.5,6.0,5.6,4.9,3.800,6.528,112.5,277.5,1.13,1.28,218.3,0.87,0.64,0.26
1992,Ferrari,512 TR,RWD,421 HP,360 LB-FT,"3,690 LBS",4.94L,42%,7.2,5.5,4.9,3.8,4.5,5.1,4.917,10.519,122.8,304.0,1.07,1.11,196.9,0.86,0.55,0.32
2010,Ferrari,599XX,RWD,691 HP,479 LB-FT,"3,115 LBS",6L,47%,8.1,7.8,7.2,7.9,9.1,4.1,2.837,5.764,70.6,165.0,1.62,1.78,224.7,0.84,0.55,0.41
2012,Ferrari,599XX Evolution,RWD,740 HP,516 LB-FT,"3,010 LBS",6L,47%,8.3,9.1,7.3,7.9,10.0,4.4,2.738,5.365,69.8,154.4,1.69,2.05,228.0,0.83,0.55,0.41
2017,Ferrari,812 Superfast,RWD,788 HP,529 LB-FT,"3,594 LBS",6.5L,47%,N/A,N/A,N/A,N/A,N/A,N/A,3.000,5.500,93.1,223.1,1.15,1.28,210.0,N/A,N/A,N/A
1969,Ferrari,Dino 246 GT,RWD,195 HP,165 LB-FT,"2,380 LBS",2.42L,41%,5.2,4.5,3.2,2.0,2.8,5.6,7.827,21.275,163.4,407.0,0.83,0.82,144.6,0.88,0.61,0.00
2002,Ferrari,Enzo Ferrari,RWD,650 HP,484 LB-FT,"3,263 LBS",6L,44%,8.1,6.5,6.4,6.9,7.9,5.2,3.259,6.495,97.7,231.3,1.07,1.21,220.7,0.85,0.56,0.37
2015,Ferrari,F12tdf,RWD,769 HP,519 LB-FT,"3,351 LBS",6.26L,46%,8.8,6.6,6.5,7.0,8.0,5.2,2.862,5.897,89.8,213.5,1.15,1.29,240.8,0.86,0.56,0.40
1994,Ferrari,F355 Berlinetta,RWD,375 HP,268 LB-FT,"3,196 LBS",3.5L,41%,6.8,5.5,4.5,3.6,4.3,5.3,4.747,10.939,125.9,312.8,1.07,1.12,186.7,0.88,0.58,0.31
1987,Ferrari,F40,RWD,478 HP,424 LB-FT,"2,980 LBS",2.94L,42%,7.3,5.9,6.3,2.6,5.2,5.4,3.632,7.938,116.2,283.0,1.13,1.22,199.8,0.86,0.58,0.37
1989,Ferrari,F40 Competizione,RWD,691 HP,526 LB-FT,"2,315 LBS",2.94L,42%,8.5,9.7,7.3,2.0,10.0,5.2,3.100,5.984,81.5,174.0,1.81,2.32,233.9,0.86,0.58,0.40
1995,Ferrari,F50,RWD,513 HP,347 LB-FT,"2,976 LBS",4.7L,42%,7.3,5.8,5.7,5.0,5.5,5.3,3.649,8.323,112.8,274.1,1.14,1.24,202.0,0.86,0.59,0.37
1996,Ferrari,F50 GT,RWD,750 HP,383 LB-FT,"2,002 LBS",4.7L,42%,8.1,9.3,8.1,8.9,10.0,4.2,2.900,6.599,66.5,151.1,1.76,2.19,225.0,0.87,0.59,0.36
2019,Ferrari,F8 Tributo,RWD,711 HP,567 LB-FT,"3,232 LBS",3.9L,42%,8.4,7.2,7.2,7.9,7.8,4.8,2.451,5.382,86.4,205.0,1.24,1.39,230.7,0.86,0.59,0.36
2005,Ferrari,FXX,RWD,789 HP,506 LB-FT,"2,731 LBS",6.26L,44%,8.7,9.4,8.1,8.9,10.0,4.9,2.747,5.173,69.2,155.9,1.70,2.07,239.4,0.84,0.57,0.38
2014,Ferrari,FXX K,RWD,1036 HP,664 LB-FT,"2,831 LBS",6.26L,41%,8.4,9.3,8.1,9.0,10.0,4.3,2.369,4.417,68.2,151.2,1.72,2.12,229.2,0.77,0.61,0.35
2018,Ferrari,FXX-K Evo,RWD,1036 HP,663 LB-FT,"2,800 LBS",6.26L,41%,8.4,9.5,8.3,9.1,10.0,4.6,2.353,4.380,65.5,146.5,1.78,2.30,230.0,0.77,0.63,0.35
2018,Ferrari,FXX-K Evo Welcome Pack,RWD,1036 HP,663 LB-FT,"2,304 LBS",6.26L,41%,8.1,9.4,8.7,9.4,10.0,4.9,2.350,4.387,60.9,129.7,1.94,2.80,218.8,0.75,0.67,0.35
2017,Ferrari,J50,RWD,681 HP,560 LB-FT,"3,362 LBS",3.9L,42%,8.5,6.7,6.7,7.4,7.2,4.7,2.762,5.549,91.7,223.5,1.12,1.22,232.4,0.86,0.60,0.34
2013,Ferrari,LaFerrari,RWD,963 HP,663 LB-FT,"3,263 LBS",6.26L,41%,9.4,7.9,7.2,7.9,9.1,4.8,2.843,5.113,81.8,191.9,1.30,1.51,257.3,0.87,0.61,0.35
2019,Ferrari,Monza SP2,RWD,799 HP,530 LB-FT,"3,503 LBS",6.5L,48%,8.6,6.5,6.1,6.6,7.1,4.3,2.963,5.376,92.9,226.6,1.12,1.21,237.3,0.84,0.53,0.41
2018,Ferrari,Portofino,RWD,591 HP,560 LB-FT,"3,669 LBS",3.86L,46%,7.8,6.0,6.3,6.8,6.7,5.1,3.260,7.206,95.0,228.9,1.08,1.15,212.9,0.87,0.56,0.34
2020,Ferrari,Roma,RWD,611 HP,560 LB-FT,"3,627 LBS",3.86L,50%,7.4,5.8,5.9,6.3,6.9,4.9,3.238,6.608,93.9,228.0,1.09,1.16,203.8,0.81,0.51,0.38
2020,Ferrari,SF90 Stradale,AWD,986 HP,912 LB-FT,"3,684 LBS",3.99L,45%,8.8,7.2,9.8,10.0,7.7,5.0,2.237,4.789,79.9,200.0,1.24,1.38,244.1,0.83,0.56,0.39
2014,Ford,#11 Rockstar F-150 Trophy Truck,RWD,850 HP,690 LB-FT,"6,250 LBS",7.5L,60%,5.5,3.2,4.6,4.5,4.8,9.4,4.382,10.592,131.8,323.4,0.89,0.88,147.6,0.69,0.37,0.00
2017,Ford,#14 Rahal Letterman Lanigan Racing Fiesta,AWD,608 HP,604 LB-FT,"2,746 LBS",2.04L,54%,N/A,N/A,N/A,N/A,N/A,N/A,2.000,5.917,92.5,234.5,1.17,1.29,139.8,N/A,N/A,N/A
1966,Ford,#2 GT40 Mk II,RWD,485 HP,475 LB-FT,"2,682 LBS",7L,38%,7.5,4.5,4.3,3.5,3.8,5.1,4.200,8.131,132.5,335.0,1.00,0.99,205.8,0.88,0.62,0.00
2020,Ford,#2069 Ford Performance Bronco R,AWD,325 HP,400 LB-FT,"6,500 LBS",2.7L,49%,4.2,3.9,3.2,5.2,4.8,10.0,7.329,24.547,121.5,308.4,0.87,0.86,118.0,0.54,0.54,0.00
2017,Ford,#25 'Brocky' Ultra4 Bronco RTR,AWD,600 HP,558 LB-FT,"4,500 LBS",7L,52%,4.7,4.0,6.1,5.2,5.2,10.0,4.064,9.291,120.6,305.5,0.96,0.95,132.9,0.58,0.54,0.00
2001,Ford,#4 Ford Focus RS,AWD,300 HP,332 LB-FT,"2,802 LBS",2L,52%,4.9,5.0,7.1,9.6,4.0,8.3,3.003,7.702,107.9,279.6,1.10,1.12,138.9,0.83,0.50,0.52
2022,Ford,Bronco Raptor,AWD,418 HP,440 LB-FT,"5,733 LBS",2.96L,56%,5.1,3.4,4.8,5.3,3.3,9.4,5.434,15.974,154.2,374.4,0.85,0.84,141.7,0.67,0.41,0.00
1973,Ford,Capri RS3100,RWD,148 HP,187 LB-FT,"2,315 LBS",3.09L,53%,4.8,3.9,3.8,3.3,2.5,5.4,7.232,20.510,166.8,418.1,0.81,0.80,130.5,0.86,0.50,0.00
2010,Ford,Crown Victoria Police Interceptor,RWD,250 HP,297 LB-FT,"4,057 LBS",4.61L,55%,5.2,3.8,3.1,1.9,2.5,5.9,7.816,21.463,164.6,404.7,0.79,0.79,140.7,0.81,0.40,0.00
1932,Ford,De Luxe Five-Window Coupe,RWD,65 HP,130 LB-FT,"2,398 LBS",3.62L,54%,3.2,3.5,1.9,2.8,1.8,5.2,16.612,N/A,191.6,N/A,0.71,0.70,89.9,0.79,0.51,0.00
1992,Ford,Escort RS Cosworth,AWD,224 HP,224 LB-FT,"2,811 LBS",1.99L,56%,5.2,4.3,4.3,2.8,3.1,5.6,6.111,17.214,141.8,362.1,0.89,0.90,143.1,0.85,0.48,0.47
2022,Ford,F-150 Lightning,AWD,563 HP,775 LB-FT,"7,070 LBS",N/A,50%,3.8,2.6,5.1,5.4,2.9,8.3,3.985,10.100,134.3,361.9,0.82,0.81,110.8,0.75,0.46,0.00
2023,Ford,F-150 Raptor R,AWD,700 HP,640 LB-FT,"6,077 LBS",5.16L,58%,6.2,2.8,6.8,5.8,3.2,8.7,3.552,8.885,140.5,360.7,0.85,0.84,170.6,0.65,0.39,0.00
2023,Ford,F-150 Raptor R Welcome Pack,AWD,700 HP,640 LB-FT,"6,077 LBS",5.16L,58%,6.2,3.5,7.3,6.8,4.3,9.7,3.490,8.828,140.3,344.5,0.87,0.88,173.0,0.65,0.51,0.58
2003,Ford,F-150 SVT Lightning,RWD,380 HP,450 LB-FT,"4,670 LBS",5.41L,57%,5.3,4.1,4.2,3.0,3.4,6.4,5.159,12.654,145.4,357.5,0.86,0.86,145.6,0.71,0.42,0.00
1986,Ford,F-150 XLT Lariat,AWD,185 HP,270 LB-FT,"3,805 LBS",4.94L,62%,3.5,3.0,2.6,1.6,3.0,8.4,11.328,N/A,164.1,N/A,0.82,0.81,98.1,0.59,0.33,0.00
2023,Ford,Fiesta ST,FWD,197 HP,236 LB-FT,"2,657 LBS",1.5L,63%,5.2,4.9,4.2,4.3,3.7,5.2,6.218,15.509,141.2,356.9,0.92,0.97,146.0,0.85,0.59,0.48
2003,Ford,Focus RS,FWD,212 HP,228 LB-FT,"2,822 LBS",1.99L,63%,5.1,4.7,4.1,2.9,3.5,5.0,6.333,15.951,137.0,347.2,0.90,0.91,142.5,0.82,0.57,0.48
2009,Ford,Focus RS,FWD,300 HP,319 LB-FT,"3,236 LBS",2.52L,62%,5.6,5.1,4.4,4.4,3.9,5.1,5.868,13.768,134.4,342.8,0.92,0.94,155.3,0.81,0.58,0.47
2017,Ford,Focus RS,AWD,350 HP,350 LB-FT,"3,446 LBS",2.26L,59%,6.2,5.6,5.8,3.7,4.2,5.8,4.330,10.972,135.8,338.1,0.93,0.97,171.8,0.84,0.48,0.50
2022,Ford,Focus ST,FWD,276 HP,310 LB-FT,"3,168 LBS",2.26L,61%,6.0,5.1,4.5,4.7,4.2,5.3,5.569,12.424,137.1,339.1,0.95,1.00,166.7,0.83,0.50,0.46
2014,Ford,FPV Limited Edition Pursuit Ute,RWD,422 HP,402 LB-FT,"3,946 LBS",4.95L,53%,6.3,4.6,4.7,4.9,3.7,5.4,4.955,10.885,142.9,353.4,0.90,0.89,175.5,0.81,0.50,0.00
2005,Ford,GT,RWD,550 HP,500 LB-FT,"3,390 LBS",5.41L,43%,7.7,6.0,4.7,3.3,5.2,5.6,3.800,8.727,118.8,293.9,1.02,1.09,210.7,0.87,0.57,0.31
2017,Ford,GT,RWD,630 HP,539 LB-FT,"3,353 LBS",3.5L,43%,8.3,6.3,6.6,3.6,8.3,4.9,2.862,5.336,92.0,214.1,1.15,1.27,225.3,0.87,0.57,0.37
2017,Ford,M-Sport Fiesta RS,AWD,375 HP,332 LB-FT,"2,800 LBS",1.6L,53%,4.9,5.7,8.7,8.4,5.9,8.6,3.252,8.080,95.6,235.2,1.16,1.30,139.5,0.75,0.49,0.50
1969,Ford,Mustang Boss 302,RWD,290 HP,290 LB-FT,"3,250 LBS",4.94L,56%,5.5,4.2,3.2,2.3,3.0,6.0,6.882,15.784,161.2,393.0,0.85,0.85,150.2,0.83,0.46,0.00
2024,Ford,Mustang Dark Horse,RWD,500 HP,418 LB-FT,"3,949 LBS",5.04L,54%,7.0,5.7,5.6,4.9,5.0,5.3,4.054,9.542,118.2,283.8,1.09,1.13,184.6,0.83,0.46,0.39
2024,Ford,Mustang GT,RWD,486 HP,418 LB-FT,"3,827 LBS",5.04L,53%,6.7,5.1,5.2,5.2,4.4,5.4,4.144,9.388,132.1,322.7,0.96,0.99,184.6,0.82,0.47,0.38
1968,Ford,Mustang GT 2+2 Fastback,RWD,325 HP,427 LB-FT,"3,548 LBS",6.38L,57%,5.7,3.7,3.4,3.3,2.3,5.7,6.257,16.056,175.9,434.8,0.76,0.75,151.2,0.85,0.44,0.00
1968,Ford,Mustang GT 2+2 Fastback Forza Edition,RWD,514 HP,424 LB-FT,"3,152 LBS",2.57L,55%,7.3,5.2,5.2,3.4,4.3,5.2,N/A,N/A,N/A,N/A,N/A,N/A,N/A,N/A,N/A,N/A
1965,Ford,Mustang GT Coupe,RWD,271 HP,312 LB-FT,"2,562 LBS",4.74L,56%,N/A,N/A,N/A,N/A,N/A,N/A,7.482,21.476,169.7,420.6,0.78,0.78,141.1,N/A,N/A,N/A
2018,Ford,Mustang RTR Spec 5,RWD,460 HP,420 LB-FT,"3,827 LBS",5.03L,54%,6.5,5.5,5.1,5.4,4.8,5.0,4.776,10.378,125.6,306.7,1.00,1.03,179.5,0.81,0.48,0.39
2016,Ford,Mustang Shelby GT350R,RWD,526 HP,429 LB-FT,"3,660 LBS",5.16L,53%,7.2,6.2,6.1,6.2,6.0,5.7,3.838,8.480,105.5,243.1,1.22,1.32,189.2,0.84,0.48,0.41
2013,Ford,Mustang Shelby GT500,RWD,662 HP,631 LB-FT,"3,898 LBS",5.81L,57%,7.4,4.7,4.7,4.6,4.3,5.3,3.500,7.605,138.4,335.2,0.95,0.99,203.3,0.81,0.44,0.42
2020,Ford,Mustang Shelby GT500,RWD,760 HP,625 LB-FT,"4,171 LBS",5.16L,56%,7.7,6.0,5.8,6.1,5.5,5.2,3.249,6.602,108.7,256.8,1.19,1.27,209.7,0.81,0.46,0.39
1993,Ford,Mustang SVT Cobra R,RWD,235 HP,280 LB-FT,"3,125 LBS",4.94L,57%,5.3,4.0,3.7,2.9,2.9,5.0,5.645,15.331,153.0,375.3,0.85,0.85,143.1,0.84,0.44,0.37
1999,Ford,Racing Puma,FWD,153 HP,119 LB-FT,"2,588 LBS",1.68L,59%,4.9,4.2,3.5,2.7,3.3,5.3,7.847,20.752,142.3,358.1,0.89,0.91,135.0,0.85,0.62,0.49
2014,Ford,Ranger T6 Rally Raid,AWD,349 HP,413 LB-FT,"4,354 LBS",4.95L,55%,4.8,4.6,5.4,7.8,4.0,8.6,5.333,15.061,127.8,321.0,0.85,0.85,135.1,0.79,0.48,0.00
1985,Ford,RS200 Evolution,AWD,506 HP,401 LB-FT,"2,464 LBS",2.14L,50%,5.4,5.5,6.9,2.3,5.0,8.1,3.580,8.818,107.3,264.8,1.07,1.17,153.3,0.84,0.52,0.50
1987,Ford,Sierra Cosworth RS500,RWD,224 HP,206 LB-FT,"2,734 LBS",1.99L,51%,5.6,4.4,4.3,2.4,3.4,5.3,6.046,16.037,149.6,365.2,0.89,0.95,154.9,0.85,0.47,0.41
2020,Ford,Super Duty F-450 DRW PLATINUM,AWD,475 HP,1050 LB-FT,"8,587 LBS",6.65L,55%,4.6,2.8,4.3,7.3,2.7,8.4,6.989,18.374,140.3,371.9,0.78,0.77,127.4,0.37,0.48,0.00
2020,Ford,Super Duty F-450 DRW PLATINUM Forza Edition,AWD,968 HP,1815 LB-FT,"6,376 LBS",6.65L,55%,7.6,3.8,8.7,9.8,4.9,9.8,N/A,N/A,N/A,N/A,N/A,N/A,N/A,N/A,N/A,N/A
1994,Ford,Supervan 3,RWD,253 HP,253 LB-FT,"1,962 LBS",2.94L,45%,5.1,7.5,7.6,4.8,8.6,4.9,4.429,9.629,78.1,178.6,1.66,1.94,144.1,0.76,0.59,0.35
2022,Ford,Supervan 4,AWD,1878 HP,1179 LB-FT,"4,385 LBS",N/A,56%,7.9,7.5,10.0,10.0,8.6,4.3,1.929,3.408,88.4,185.4,1.56,1.72,220.7,0.69,0.47,0.50
2011,Ford,Transit SuperSportVan,RWD,198 HP,346 LB-FT,"4,493 LBS",3.2L,60%,4.5,3.7,2.7,3.1,2.3,5.7,13.008,34.040,165.2,401.4,0.77,0.76,122.4,0.80,0.42,0.00
1973,Ford,XB Falcon GT,RWD,300 HP,380 LB-FT,"3,047 LBS",5.75L,59%,5.2,3.6,3.3,3.2,2.7,5.2,8.026,20.793,164.8,404.1,0.79,0.79,142.3,0.78,0.35,0.00
2007,Formula Drift,#117 599 GTB Fiorano,RWD,917 HP,756 LB-FT,"3,200 LBS",6L,47%,6.8,5.0,5.7,6.1,4.7,4.6,3.444,5.852,126.2,314.7,1.06,1.09,183.0,0.76,0.48,0.35
2015,Formula Drift,#13 Ford Mustang,RWD,986 HP,832 LB-FT,"3,100 LBS",4.95L,52%,5.8,5.0,5.1,5.4,4.7,4.4,4.436,7.265,124.2,309.2,1.05,1.08,158.4,0.78,0.44,0.40
2020,Formula Drift,#151 Toyota GR Supra,RWD,1033 HP,908 LB-FT,"3,156 LBS",3L,48%,6.2,5.0,5.5,3.6,5.6,4.3,3.052,5.697,107.7,268.9,1.07,1.10,168.3,0.81,0.48,0.36
1995,Formula Drift,#34 Toyota Supra MkIV,RWD,1035 HP,920 LB-FT,"2,849 LBS",3.35L,49%,7.7,5.3,5.2,3.7,5.6,4.5,3.500,5.888,110.7,273.7,1.04,1.07,207.6,0.79,0.50,0.37
2019,Formula Drift,#411 Toyota Corolla Hatchback,RWD,1185 HP,867 LB-FT,"3,156 LBS",2.67L,54%,6.7,4.9,5.0,5.2,5.5,4.4,3.551,6.043,108.7,271.7,1.06,1.09,179.7,0.77,0.43,0.42
2016,Formula Drift,#530 HSV Maloo GEN-F,RWD,1000 HP,900 LB-FT,"2,899 LBS",6.16L,55%,7.6,5.0,4.6,4.8,4.3,4.4,4.087,6.790,132.7,331.2,1.02,1.02,201.0,0.77,0.41,0.40
2023,Formula Drift,#64 Forsberg Racing Nissan Z,RWD,1300 HP,1300 LB-FT,"3,100 LBS",3.8L,49%,7.1,5.3,5.4,5.7,5.5,4.3,3.188,5.599,114.3,283.1,1.06,1.13,191.8,0.81,0.49,0.41
2013,Formula Drift,#777 Chevrolet Corvette,RWD,1050 HP,850 LB-FT,"3,000 LBS",7L,50%,6.4,5.1,5.1,5.4,4.8,4.0,4.140,6.587,120.2,303.1,1.06,1.09,173.0,0.82,0.46,0.38
1997,Formula Drift,#777 Nissan 240SX,RWD,1251 HP,1118 LB-FT,"3,100 LBS",7.01L,50%,6.7,4.9,5.2,5.5,4.4,4.3,4.517,7.817,127.5,322.0,1.04,1.06,181.3,0.83,0.46,0.40
2020,Formula Drift,#91 BMW M2,RWD,822 HP,678 LB-FT,"2,849 LBS",6.21L,49%,6.7,4.9,5.2,5.6,5.0,4.2,3.288,5.704,115.8,292.8,1.04,1.06,180.3,0.79,0.44,0.39
1989,Formula Drift,#98 BMW 325i,RWD,750 HP,750 LB-FT,"2,800 LBS",6.16L,53%,6.9,4.7,5.0,5.2,4.2,4.4,3.800,7.170,131.4,333.5,1.02,1.04,187.1,0.84,0.39,0.43
2009,Formula Drift,#99 Mazda RX-8,RWD,1000 HP,566 LB-FT,"2,824 LBS",1.96L,55%,6.7,5.0,4.7,3.2,4.5,4.3,3.688,6.575,134.4,325.1,1.05,1.08,179.8,0.83,0.42,0.48
2018,Funco Motorsports,F9,RWD,1750 HP,1475 LB-FT,"2,800 LBS",7.44L,33%,5.2,2.9,7.6,8.5,5.1,8.9,3.421,5.553,124.0,312.3,0.93,0.93,139.3,0.70,0.58,0.00
2022,GMC,HUMMER EV Pickup,AWD,1026 HP,932 LB-FT,"9,063 LBS",N/A,50%,3.7,2.9,5.2,5.6,3.5,8.2,3.000,8.100,135.2,348.7,0.84,0.84,106.6,0.63,0.46,0.00
1970,GMC,Jimmy,AWD,334 HP,373 LB-FT,"3,210 LBS",5.67L,53%,4.5,3.1,6.6,6.3,3.4,8.7,4.736,12.919,142.0,353.6,0.92,0.91,127.2,0.63,0.60,0.00
1991,GMC,Syclone,AWD,280 HP,360 LB-FT,"3,613 LBS",4.3L,63%,5.3,4.3,5.4,2.6,2.6,5.7,4.521,13.505,156.5,399.8,0.82,0.83,148.0,0.78,0.40,0.54
1992,GMC,Typhoon,AWD,280 HP,360 LB-FT,"3,800 LBS",4.3L,57%,N/A,N/A,N/A,N/A,N/A,N/A,5.300,16.200,157.0,400.2,0.82,0.81,144.9,N/A,N/A,N/A
2025,GR,GT Prototype,RWD,700 HP,645 LB-FT,"3,803 LBS",4L,45%,7.9,6.4,6.8,7.4,7.4,5.0,3.170,6.541,83.4,199.9,1.22,1.32,215.5,0.83,0.57,0.37
2021,Hennessey,Venom F5,RWD,1817 HP,1193 LB-FT,"3,053 LBS",6.56L,45%,10.0,8.0,6.5,7.0,8.2,4.6,2.500,3.929,92.2,216.5,1.19,1.37,304.7,0.85,0.55,0.37
2012,Hennessey,Venom GT,RWD,1200 HP,1155 LB-FT,"2,685 LBS",6.16L,42%,9.8,6.6,6.8,7.4,7.7,4.7,2.489,5.190,86.0,212.2,1.19,1.32,267.3,0.85,0.57,0.30
1977,Holden,Torana A9X,RWD,216 HP,295 LB-FT,"2,520 LBS",5.05L,59%,4.9,3.7,3.4,2.8,2.7,5.4,6.936,16.318,163.7,401.0,0.80,0.79,135.5,0.82,0.42,0.00
1990,Honda,#19 101 Motorsport CRX WTAC,FWD,493 HP,332 LB-FT,"1,800 LBS",2.57L,64%,5.4,8.9,6.1,6.3,10.0,4.6,3.782,6.313,65.6,142.0,1.97,3.09,151.9,0.61,0.41,0.57
1992,Honda,#21 Hardrace/JDMYard Civic WTAC,FWD,800 HP,560 LB-FT,"2,028 LBS",2.35L,65%,6.5,8.6,6.0,5.3,10.0,4.1,3.384,5.818,70.8,159.6,1.75,2.29,181.7,0.72,0.39,0.58
2001,Honda,#33 Integra WTAC,FWD,551 HP,391 LB-FT,"2,072 LBS",2.35L,65%,5.9,8.8,6.1,6.4,10.0,4.5,3.284,5.566,70.5,159.2,1.77,2.42,166.9,0.69,0.40,0.58
2004,Honda,#52 Evasive Motorsports S2000 WTAC,RWD,670 HP,461 LB-FT,"2,400 LBS",2.41L,50%,6.3,9.5,7.2,3.4,10.0,4.3,2.724,5.153,74.1,158.5,1.81,2.44,176.3,0.66,0.49,0.43
1994,Honda,Acty,AWD,37 HP,40 LB-FT,"1,698 LBS",0.66L,52%,2.4,4.5,1.6,3.7,2.8,5.7,24.640,N/A,162.6,N/A,0.80,0.80,69.2,0.74,0.51,0.32
1991,Honda,Beat,RWD,63 HP,44 LB-FT,"1,676 LBS",0.66L,43%,3.8,4.2,2.2,2.7,3.0,5.3,11.946,38.124,161.7,390.9,0.87,0.92,110.0,0.90,0.58,0.33
1984,Honda,City E II,FWD,62 HP,72 LB-FT,"1,477 LBS",1.23L,60%,3.0,4.0,3.3,3.2,3.6,5.4,12.514,N/A,160.4,N/A,0.86,0.97,87.6,0.75,0.46,0.45
1984,Honda,Civic CRX Mugen,FWD,120 HP,92 LB-FT,"1,819 LBS",1.49L,62%,N/A,N/A,N/A,N/A,N/A,N/A,7.900,24.000,159.5,397.2,0.87,0.87,134.7,N/A,N/A,N/A
1974,Honda,Civic RS,FWD,75 HP,74 LB-FT,"1,620 LBS",1.17L,60%,3.9,3.9,3.3,3.0,2.4,5.3,9.479,45.501,167.7,421.0,0.81,0.82,109.5,0.87,0.62,0.50
1986,Honda,Civic Si,FWD,91 HP,93 LB-FT,"1,955 LBS",1.49L,61%,4.0,4.1,3.0,2.2,2.3,5.4,8.991,35.902,165.1,418.3,0.82,0.81,110.7,0.86,0.60,0.00
1997,Honda,Civic Type R,FWD,182 HP,118 LB-FT,"2,403 LBS",1.6L,62%,5.5,4.3,3.7,3.0,3.0,5.1,5.657,17.280,149.4,377.0,0.87,0.89,151.1,0.87,0.59,0.52
2004,Honda,Civic Type R,FWD,212 HP,149 LB-FT,"2,624 LBS",2L,61%,5.4,4.5,4.1,3.7,3.5,5.5,6.121,15.209,141.0,358.8,0.90,0.92,150.9,0.86,0.60,0.46
2007,Honda,Civic Type R,FWD,198 HP,142 LB-FT,"2,965 LBS",2L,60%,5.3,5.0,4.0,3.2,3.7,5.5,6.211,17.365,141.5,357.6,0.92,0.97,143.6,0.86,0.60,0.45
2015,Honda,Civic Type R,FWD,306 HP,295 LB-FT,"3,047 LBS",2L,65%,6.5,5.5,4.7,4.8,4.3,5.1,5.468,12.604,129.4,325.8,0.94,0.98,178.4,0.87,0.58,0.50
2018,Honda,Civic Type R,FWD,306 HP,295 LB-FT,"3,117 LBS",2L,62%,6.7,5.5,4.6,4.8,4.6,5.0,4.872,11.334,124.2,316.8,0.96,1.02,185.6,0.88,0.58,0.50
2023,Honda,Civic Type R,FWD,315 HP,310 LB-FT,"3,188 LBS",2L,62%,6.9,5.4,4.7,4.9,4.7,5.3,4.915,12.100,124.0,310.8,0.98,1.04,188.1,0.88,0.47,0.50
1991,Honda,CR-X SiR,FWD,150 HP,112 LB-FT,"2,161 LBS",1.6L,62%,N/A,N/A,N/A,N/A,N/A,N/A,7.200,20.700,152.8,384.9,0.89,0.80,142.9,N/A,N/A,N/A
2022,Honda,e,RWD,134 HP,232 LB-FT,"3,336 LBS",N/A,50%,3.2,4.6,2.7,3.2,3.3,5.7,8.783,N/A,148.3,N/A,0.88,0.91,94.0,0.89,0.53,0.33
1992,Honda,NSX-R,RWD,276 HP,217 LB-FT,"2,712 LBS",2.98L,42%,6.2,5.4,4.9,3.8,4.3,5.1,4.632,11.460,127.1,313.5,1.07,1.13,171.1,0.88,0.59,0.32
2005,Honda,NSX-R,RWD,290 HP,225 LB-FT,"2,800 LBS",3.18L,43%,6.4,5.1,5.0,3.8,4.7,5.5,4.552,11.065,123.1,304.2,0.96,1.02,175.8,0.88,0.57,0.28
2005,Honda,NSX-R GT,RWD,276 HP,224 LB-FT,"2,800 LBS",3.18L,43%,6.4,6.0,5.6,4.4,5.5,5.0,4.449,10.459,115.4,278.3,1.10,1.21,177.0,0.87,0.56,0.31
1994,Honda,Prelude Si,FWD,160 HP,156 LB-FT,"2,870 LBS",2.26L,62%,5.0,4.4,3.7,3.1,3.1,5.7,7.168,20.461,145.5,373.8,0.88,0.89,137.2,0.87,0.53,0.52
2015,Honda,Ridgeline Baja Trophy Truck,RWD,550 HP,470 LB-FT,"4,700 LBS",3.5L,58%,5.2,3.5,5.0,3.6,4.8,9.2,4.007,9.620,128.4,317.7,0.88,0.87,142.5,0.70,0.38,0.00
2003,Honda,S2000,RWD,247 HP,161 LB-FT,"2,756 LBS",2L,50%,6.0,4.9,4.2,3.7,3.3,5.3,6.124,15.331,148.4,368.1,0.91,0.93,164.1,0.87,0.49,0.35
1970,Honda,S800,RWD,70 HP,48 LB-FT,"1,565 LBS",0.79L,50%,3.5,3.5,3.2,2.5,2.4,5.2,13.409,N/A,176.8,N/A,0.77,0.82,99.0,0.83,0.53,0.30
2014,HSV,GEN-F GTS,RWD,577 HP,545 LB-FT,"4,147 LBS",6.16L,53%,7.0,5.0,4.8,4.0,4.5,5.2,4.299,9.532,125.8,312.9,0.93,0.94,188.5,0.82,0.48,0.38
2014,HSV,Limited Edition GEN-F GTS Maloo,RWD,577 HP,545 LB-FT,"4,034 LBS",6.16L,55%,6.5,5.0,4.8,4.6,4.8,4.8,4.050,8.865,123.6,304.4,0.95,0.97,180.1,0.76,0.46,0.40
2021,Hyundai,i20 N,FWD,201 HP,224 LB-FT,"2,624 LBS",1.6L,63%,5.5,5.1,4.6,4.8,4.4,5.5,6.066,15.092,133.4,331.7,0.97,1.04,153.1,0.85,0.45,0.51
2020,Hyundai,i30 N,FWD,271 HP,279 LB-FT,"3,150 LBS",2L,63%,5.3,5.1,4.6,4.8,4.3,5.3,5.553,13.400,131.6,327.7,0.95,0.99,148.4,0.79,0.46,0.48
2023,Hyundai,IONIQ 5 N,AWD,641 HP,567 LB-FT,"4,881 LBS",N/A,50%,5.8,4.4,5.6,5.9,4.0,6.0,3.315,7.515,118.5,319.1,0.92,0.94,163.4,0.84,0.50,0.35
2022,Hyundai,N Vision 74,RWD,671 HP,663 LB-FT,"5,450 LBS",N/A,40%,5.4,5.6,4.8,5.0,4.8,4.8,4.200,8.083,109.9,283.3,1.08,1.13,155.0,0.83,0.61,0.28
2019,Hyundai,Veloster N,FWD,275 HP,260 LB-FT,"3,106 LBS",2L,64%,6.0,4.9,4.5,4.7,3.7,5.5,6.166,14.878,134.7,344.8,0.91,0.91,165.8,0.86,0.45,0.00
2010,Jaguar,C-X75,AWD,890 HP,738 LB-FT,"3,750 LBS",1.6L,45%,8.1,6.9,9.4,10.0,7.8,4.7,2.827,5.474,85.6,215.3,1.13,1.23,223.2,0.81,0.56,0.40
1956,Jaguar,D-Type,RWD,245 HP,242 LB-FT,"2,100 LBS",3.44L,54%,5.6,3.5,3.8,2.6,2.8,4.7,4.675,11.914,155.5,391.7,0.84,0.84,154.3,0.93,0.50,0.00
1961,Jaguar,E-type,RWD,265 HP,260 LB-FT,"2,900 LBS",3.78L,47%,5.2,3.8,4.0,2.8,2.7,5.5,7.327,18.804,163.5,411.0,0.79,0.79,144.3,0.87,0.54,0.00
1964,Jaguar,Lightweight E-Type,RWD,340 HP,314 LB-FT,"2,292 LBS",3.78L,50%,6.3,3.9,4.7,4.4,3.4,5.0,4.048,9.771,147.8,367.8,0.92,0.91,174.2,0.85,0.51,0.00
1991,Jaguar,Sport XJR-15,RWD,450 HP,429 LB-FT,"2,315 LBS",5.99L,48%,N/A,N/A,N/A,N/A,N/A,N/A,3.783,7.200,109.8,258.7,1.23,1.49,207.0,N/A,N/A,N/A
1993,Jaguar,XJ220,RWD,542 HP,473 LB-FT,"3,241 LBS",3.5L,42%,7.7,5.7,5.2,2.2,5.2,5.4,3.800,7.925,112.4,277.6,1.12,1.20,208.4,0.86,0.61,0.37
1993,Jaguar,XJ220S TWR,RWD,680 HP,526 LB-FT,"2,379 LBS",3.5L,42%,8.2,6.1,5.4,2.5,5.9,5.2,2.886,5.935,111.0,264.3,1.20,1.34,225.2,0.86,0.62,0.37
2018,Jeep,Grand Cherokee Trackhawk,AWD,707 HP,645 LB-FT,"5,350 LBS",6.17L,57%,6.9,4.4,8.5,7.4,4.9,6.1,3.403,7.938,111.6,285.1,0.92,0.91,183.7,0.75,0.43,0.00
2020,Jeep,JT,AWD,285 HP,260 LB-FT,"5,073 LBS",3.6L,53%,4.8,2.7,3.6,3.2,2.5,8.7,7.052,20.729,158.9,398.1,0.76,0.76,128.7,0.72,0.42,0.00
2016,Jeep,Trailcat,AWD,707 HP,650 LB-FT,"4,600 LBS",6.17L,55%,6.2,3.8,5.5,4.1,4.0,10.0,3.617,8.064,136.3,352.8,0.91,0.90,171.0,0.66,0.42,0.00
2012,Jeep,Wrangler Rubicon,AWD,285 HP,260 LB-FT,"4,132 LBS",3.6L,50%,4.6,2.7,4.0,3.2,2.4,8.3,6.550,20.285,159.2,406.8,0.78,0.77,127.3,0.73,0.53,0.00
2020,Jimco,#179 Hammerhead Class 1,RWD,850 HP,800 LB-FT,"3,968 LBS",7.82L,42%,5.7,2.4,6.3,6.3,4.5,8.8,3.430,6.225,136.6,338.1,0.90,0.89,149.4,0.51,0.47,0.00
2011,Koenigsegg,Agera,RWD,999 HP,861 LB-FT,"3,164 LBS",5.03L,45%,9.8,6.5,6.1,6.5,7.4,4.9,2.846,5.483,95.6,231.8,1.08,1.21,264.9,0.87,0.57,0.38
2017,Koenigsegg,Agera RS,RWD,1341 HP,1010 LB-FT,"3,075 LBS",5.07L,44%,10.0,8.1,6.6,7.1,9.2,4.8,2.762,4.575,89.4,207.6,1.21,1.42,275.0,0.86,0.57,0.36
2008,Koenigsegg,CCGT,RWD,610 HP,442 LB-FT,"2,425 LBS",5L,50%,7.9,9.5,6.8,7.3,10.0,4.4,3.382,5.927,67.8,150.8,1.76,2.20,217.8,0.84,0.50,0.43
2024,Koenigsegg,Gemera,AWD,1451 HP,1279 LB-FT,"4,499 LBS",5.07L,48%,10.0,7.1,9.7,10.0,7.6,5.0,2.193,3.603,75.2,193.1,1.22,1.35,277.2,0.87,0.58,0.40
2020,Koenigsegg,Jesko,RWD,1602 HP,1105 LB-FT,"3,131 LBS",5.07L,45%,10.0,9.1,6.5,7.0,8.9,5.0,2.705,4.424,86.4,206.4,1.22,1.47,284.0,0.87,0.56,0.28
2015,Koenigsegg,One:1,RWD,1341 HP,1010 LB-FT,"2,998 LBS",5.07L,44%,10.0,7.9,6.6,7.1,9.5,4.8,2.665,4.467,88.7,206.4,1.22,1.43,273.4,0.86,0.58,0.36
2016,Koenigsegg,Regera,RWD,1500 HP,1474 LB-FT,"3,589 LBS",5L,45%,9.1,7.1,5.0,5.2,8.8,4.9,2.800,5.100,77.2,185.8,1.28,1.45,272.0,0.85,0.56,0.39
2018,KTM,X-Bow GT4,RWD,326 HP,295 LB-FT,"2,352 LBS",1.98L,45%,5.4,8.1,5.4,2.8,10.0,5.0,3.882,8.069,75.5,168.4,1.71,2.11,151.9,0.77,0.58,0.39
2022,Lamborghini,Aventador LP 780-4 Ultimae,AWD,770 HP,531 LB-FT,"3,858 LBS",6.5L,43%,7.3,7.1,9.9,9.5,7.8,5.0,2.719,5.067,82.8,199.0,1.25,1.38,203.1,0.74,0.58,0.38
2012,Lamborghini,Aventador LP700-4,AWD,700 HP,505 LB-FT,"3,816 LBS",6.5L,43%,N/A,N/A,N/A,N/A,N/A,N/A,2.000,6.500,89.3,217.4,1.13,1.21,245.9,N/A,N/A,N/A
2018,Lamborghini,Aventador SVJ,AWD,759 HP,531 LB-FT,"3,607 LBS",6.5L,43%,N/A,N/A,N/A,N/A,N/A,N/A,2.000,5.000,83.9,198.6,1.28,1.47,222.7,N/A,N/A,N/A
2016,Lamborghini,Centenario LP 770-4,AWD,759 HP,508 LB-FT,"3,693 LBS",6.5L,43%,8.3,7.7,8.7,8.0,8.6,5.2,2.800,5.383,82.3,194.6,1.27,1.43,229.1,0.84,0.58,0.43
1988,Lamborghini,Countach LP5000 QV,RWD,455 HP,369 LB-FT,"3,284 LBS",5.17L,41%,6.8,5.6,4.7,3.6,4.3,5.3,4.839,11.699,129.0,315.9,1.10,1.15,186.3,0.84,0.57,0.36
2021,Lamborghini,Countach LPI 800-4,AWD,808 HP,556 LB-FT,"4,116 LBS",6.5L,43%,7.8,7.0,9.1,8.4,7.4,5.2,2.500,5.433,83.4,203.7,1.25,1.35,222.7,0.82,0.58,0.38
1999,Lamborghini,Diablo GTR,RWD,590 HP,472 LB-FT,"3,086 LBS",5.99L,40%,8.0,8.1,7.3,6.4,7.9,4.6,3.500,8.226,79.1,183.5,1.63,1.84,218.0,0.85,0.56,0.30
1997,Lamborghini,Diablo SV,RWD,530 HP,446 LB-FT,"3,474 LBS",5.71L,41%,7.7,5.5,5.2,4.2,4.9,5.1,4.224,8.849,116.7,289.7,1.09,1.16,210.9,0.88,0.56,0.36
2020,Lamborghini,Essenza SCV12,RWD,818 HP,590 LB-FT,"3,190 LBS",6.5L,41%,8.1,9.7,7.0,7.4,10.0,5.2,2.500,4.732,62.2,142.9,1.81,2.37,218.3,0.80,0.62,0.35
2012,Lamborghini,Gallardo LP570-4 Spyder Performante,AWD,562 HP,398 LB-FT,"3,618 LBS",5.2L,43%,N/A,N/A,N/A,N/A,N/A,N/A,3.900,7.800,101.5,246.9,1.00,1.08,195.9,N/A,N/A,N/A
2020,Lamborghini,Huracán EVO,AWD,630 HP,442 LB-FT,"3,422 LBS",5.2L,42%,7.3,6.8,9.3,10.0,7.2,5.1,3.045,6.221,92.9,225.2,1.12,1.22,203.5,0.80,0.61,0.42
2014,Lamborghini,Huracán LP 610-4,AWD,602 HP,413 LB-FT,"3,422 LBS",5.2L,43%,N/A,N/A,N/A,N/A,N/A,N/A,2.960,6.250,93.2,225.5,1.12,1.22,212.9,N/A,N/A,N/A
2022,Lamborghini,Huracán Sterrato,AWD,602 HP,413 LB-FT,"3,593 LBS",5.2L,43%,7.6,5.7,9.1,7.5,6.2,7.9,3.240,5.850,86.3,216.5,1.15,1.23,210.6,0.82,0.59,0.36
2020,Lamborghini,Huracán STO,RWD,630 HP,416 LB-FT,"3,239 LBS",5.2L,41%,7.2,7.9,7.1,7.8,8.7,5.0,2.563,5.438,83.8,194.0,1.29,1.56,197.4,0.80,0.62,0.38
2022,Lamborghini,Huracán Tecnica,RWD,630 HP,416 LB-FT,"3,401 LBS",5.2L,41%,7.3,6.8,6.6,7.2,7.4,4.8,2.556,5.453,90.4,220.2,1.14,1.26,201.9,0.81,0.63,0.41
1967,Lamborghini,Miura P400,RWD,350 HP,272 LB-FT,"2,745 LBS",3.93L,44%,5.9,4.6,3.8,2.7,3.1,5.4,6.618,14.124,157.8,397.5,0.84,0.84,164.3,0.85,0.57,0.00
2010,Lamborghini,Murciélago LP 670-4 SV,AWD,661 HP,487 LB-FT,"3,794 LBS",6.5L,42%,7.8,6.3,5.2,4.5,6.8,5.6,3.200,7.031,98.7,240.5,1.03,1.11,214.6,0.85,0.56,0.33
2024,Lamborghini,Revuelto,AWD,1001 HP,739 LB-FT,"4,047 LBS",6.5L,44%,8.6,7.2,9.9,10.0,7.7,4.9,2.352,4.903,81.7,200.3,1.25,1.37,237.7,0.82,0.57,0.44
2011,Lamborghini,Sesto Elemento,AWD,562 HP,398 LB-FT,"2,202 LBS",5.2L,43%,7.8,9.7,10.0,8.9,10.0,5.7,2.442,5.088,70.1,153.0,1.71,2.20,217.0,0.87,0.60,0.30
2020,Lamborghini,Sián Roadster,AWD,808 HP,556 LB-FT,"3,827 LBS",6.5L,43%,8.8,7.3,8.3,8.1,8.0,5.1,2.800,5.431,82.8,201.0,1.25,1.34,241.6,0.86,0.58,0.43
2019,Lamborghini,Urus,AWD,641 HP,626 LB-FT,"4,850 LBS",4L,52%,7.1,5.1,6.1,5.1,6.2,6.6,3.337,8.431,92.2,228.6,1.04,1.05,196.6,0.82,0.49,0.47
2013,Lamborghini,Veneno,AWD,740 HP,508 LB-FT,"3,629 LBS",6.5L,43%,8.2,8.5,8.9,8.1,9.7,5.1,2.700,5.726,70.6,163.3,1.64,1.88,224.5,0.84,0.58,0.43
1992,Lancia,Delta HF Integrale EVO,AWD,210 HP,224 LB-FT,"2,866 LBS",2L,63%,4.9,4.6,4.5,2.3,3.6,6.0,5.926,17.202,139.1,351.0,0.91,0.92,136.3,0.80,0.39,0.54
1986,Lancia,Delta S4,AWD,247 HP,214 LB-FT,"2,646 LBS",1.76L,45%,5.0,4.9,5.5,5.5,3.7,7.6,5.414,13.712,125.2,315.6,1.00,1.04,140.6,0.77,0.56,0.36
1974,Lancia,Stratos HF Stradale,RWD,190 HP,165 LB-FT,"2,161 LBS",2.42L,46%,5.3,4.5,4.8,4.3,3.1,6.0,6.665,17.313,156.1,392.2,0.88,0.88,145.3,0.87,0.53,0.39
2020,Land Rover,Defender 110 X,AWD,395 HP,406 LB-FT,"5,260 LBS",3L,55%,5.4,2.6,4.7,6.0,2.9,7.7,5.939,15.355,147.5,375.5,0.80,0.79,150.6,0.75,0.40,0.00
2015,Land Rover,Range Rover Sport SVR,AWD,550 HP,502 LB-FT,"5,148 LBS",5L,52%,6.5,3.6,6.0,6.2,4.1,7.5,4.228,10.266,124.6,321.2,0.92,0.92,178.4,0.76,0.46,0.00
2021,Lexus,LC 500,RWD,471 HP,398 LB-FT,"4,266 LBS",4.97L,54%,7.0,5.3,4.8,5.0,4.4,5.2,4.557,10.196,132.2,327.0,0.93,0.97,191.0,0.85,0.47,0.39
2010,Lexus,LFA,RWD,552 HP,354 LB-FT,"3,263 LBS",4.81L,48%,7.4,6.0,5.8,6.0,7.0,5.0,3.660,7.694,101.4,241.0,1.03,1.09,203.3,0.84,0.53,0.36
2010,Lexus,LFA Forza Edition,RWD,750 HP,500 LB-FT,"2,778 LBS",4.81L,48%,8.2,9.6,7.4,8.0,10.0,4.4,N/A,N/A,N/A,N/A,N/A,N/A,N/A,N/A,N/A,N/A
2015,Lexus,RC F,RWD,467 HP,388 LB-FT,"3,957 LBS",4.97L,55%,6.7,5.3,5.0,5.2,5.2,5.3,4.358,9.887,120.4,291.6,0.96,0.99,183.1,0.82,0.45,0.40
1962,Lincoln,Continental,RWD,300 HP,465 LB-FT,"4,929 LBS",7.05L,55%,5.3,3.6,2.6,1.7,1.9,6.0,11.220,25.462,185.5,458.9,0.73,0.72,141.7,0.82,0.48,0.00
1997,Lotus,Elise GT1,RWD,350 HP,295 LB-FT,"2,425 LBS",3.51L,42%,6.8,7.3,6.5,3.2,7.0,5.2,3.926,9.410,106.4,251.3,1.25,1.50,185.8,0.86,0.60,0.41
1999,Lotus,Elise Series 1 Sport 190,RWD,190 HP,140 LB-FT,"1,477 LBS",1.8L,39%,5.3,5.4,5.8,4.8,5.1,5.2,4.229,10.553,120.0,291.1,1.13,1.22,148.7,0.86,0.59,0.29
2023,Lotus,Emira,RWD,400 HP,310 LB-FT,"3,097 LBS",3.46L,45%,6.4,6.6,6.3,5.1,5.6,5.2,4.152,9.874,109.8,269.6,1.11,1.19,178.5,0.83,0.56,0.38
2020,Lotus,Evija,AWD,1973 HP,1253 LB-FT,"3,704 LBS",N/A,48%,7.6,7.2,6.8,7.5,10.0,4.5,2.700,4.500,70.9,171.2,1.27,1.43,220.6,0.84,0.53,0.45
2020,Lotus,Evija Forza Edition,RWD,2198 HP,1253 LB-FT,"3,527 LBS",N/A,45%,7.9,6.1,5.6,6.0,7.9,4.2,N/A,N/A,N/A,N/A,N/A,N/A,N/A,N/A,N/A,N/A
2018,Lotus,Exige Cup 430,RWD,430 HP,324 LB-FT,"2,410 LBS",3.46L,37%,6.7,7.2,7.7,8.5,6.8,4.8,3.154,7.964,94.2,228.1,1.25,1.40,188.2,0.83,0.62,0.30
2024,Lucid,Air Sapphire,AWD,1247 HP,1411 LB-FT,"5,298 LBS",N/A,50%,7.2,5.4,9.1,10.0,6.2,4.9,1.890,3.870,87.1,227.2,1.06,1.09,205.4,0.89,0.52,0.38
1997,Maserati,Ghibli Cup,RWD,326 HP,273 LB-FT,"3,009 LBS",2L,54%,6.5,5.0,5.0,4.2,4.3,4.9,5.466,13.133,122.7,307.6,1.04,1.06,182.1,0.88,0.47,0.42
2004,Maserati,MC12,RWD,624 HP,480 LB-FT,"3,375 LBS",6L,41%,8.4,6.5,6.6,7.2,6.6,5.2,3.653,7.690,112.5,265.7,1.06,1.20,228.6,0.86,0.59,0.34
2008,Maserati,MC12 Versione Corsa,RWD,756 HP,523 LB-FT,"2,646 LBS",6L,41%,N/A,N/A,N/A,N/A,N/A,N/A,3.259,5.781,65.5,148.3,1.77,2.21,210.4,N/A,N/A,N/A
2022,Maserati,MC20,RWD,621 HP,538 LB-FT,"3,757 LBS",2.99L,41%,7.9,6.5,6.6,7.2,7.0,4.8,3.145,6.380,93.7,225.6,1.11,1.19,215.3,0.83,0.59,0.34
2008,Mazda,Furai,RWD,458 HP,278 LB-FT,"1,488 LBS",1.96L,45%,6.8,9.6,7.6,7.7,10.0,4.7,3.100,5.566,62.9,135.7,1.91,2.73,190.0,0.83,0.58,0.39
2010,Mazda,Mazdaspeed 3,FWD,263 HP,280 LB-FT,"3,221 LBS",2.26L,62%,6.2,4.6,4.2,4.2,3.5,5.4,5.917,14.400,137.5,354.1,0.90,0.92,168.7,0.86,0.46,0.52
2005,Mazda,Mazdaspeed MX-5,RWD,178 HP,166 LB-FT,"2,529 LBS",1.84L,52%,5.1,4.9,3.4,3.8,3.5,5.1,6.700,18.262,145.5,355.7,0.92,0.95,140.2,0.86,0.49,0.37
2013,Mazda,MX-5,RWD,167 HP,140 LB-FT,"2,593 LBS",2L,51%,4.8,4.9,3.9,3.4,3.4,5.5,6.100,17.270,148.0,363.8,0.92,0.95,131.3,0.85,0.50,0.36
2016,Mazda,MX-5,RWD,155 HP,148 LB-FT,"2,310 LBS",2L,50%,5.4,5.1,4.6,4.7,3.7,5.4,6.000,16.800,144.1,354.2,0.95,0.98,148.8,0.89,0.51,0.35
2017,Mazda,MX-5 Cup,RWD,181 HP,151 LB-FT,"2,374 LBS",2L,50%,5.2,6.3,3.0,2.7,4.5,4.9,7.300,16.480,121.3,301.9,1.08,1.10,144.3,0.84,0.50,0.38
1994,Mazda,MX-5 Miata,RWD,128 HP,110 LB-FT,"2,330 LBS",1.84L,51%,4.5,4.2,3.4,2.3,2.5,5.2,8.800,25.962,163.1,404.3,0.84,0.84,125.7,0.86,0.50,0.41
1994,Mazda,MX-5 Miata Forza Edition,RWD,1000 HP,884 LB-FT,"2,094 LBS",8.28L,56%,9.4,6.9,10.0,4.8,6.7,4.4,N/A,N/A,N/A,N/A,N/A,N/A,N/A,N/A,N/A,N/A
2022,Mazda,MX-5 Miata RF,RWD,181 HP,151 LB-FT,"2,452 LBS",2L,51%,5.3,5.0,4.8,4.8,3.8,5.4,6.780,16.880,144.2,353.9,0.94,0.99,146.4,0.86,0.50,0.36
1973,Mazda,RX-3,RWD,110 HP,100 LB-FT,"2,060 LBS",1.15L,57%,4.3,4.1,3.5,3.3,2.5,5.7,9.881,37.380,179.9,435.0,0.79,0.78,120.8,0.86,0.45,0.00
1973,Mazda,RX-3 Forza Edition,RWD,236 HP,155 LB-FT,"1,786 LBS",1.31L,54%,5.9,4.9,4.8,5.0,4.2,4.9,N/A,N/A,N/A,N/A,N/A,N/A,N/A,N/A,N/A,N/A
1992,Mazda,RX-7 Type R,RWD,252 HP,217 LB-FT,"2,778 LBS",1.31L,50%,6.6,4.8,4.8,4.1,3.4,5.2,5.240,13.000,145.0,358.7,0.92,0.95,177.5,0.89,0.51,0.38
2011,Mazda,RX-8 R3,RWD,232 HP,159 LB-FT,"3,065 LBS",1.31L,52%,5.8,5.0,4.6,3.8,3.7,5.5,5.884,15.863,146.0,358.3,0.93,0.95,155.8,0.86,0.49,0.37
1990,Mazda,Savanna RX-7,RWD,200 HP,196 LB-FT,"2,981 LBS",1.31L,51%,5.7,4.5,4.3,3.3,3.1,5.4,6.517,17.300,151.2,373.5,0.87,0.89,156.2,0.89,0.51,0.41
2011,McLaren,12C Coupé,RWD,592 HP,442 LB-FT,"3,161 LBS",3.8L,42%,7.6,6.0,6.3,6.9,6.2,5.1,3.273,6.414,117.6,280.7,1.03,1.13,209.9,0.84,0.59,0.35
2015,McLaren,570S Coupé,RWD,562 HP,442 LB-FT,"3,201 LBS",3.8L,42%,7.3,6.1,6.3,4.4,6.9,4.9,3.063,6.193,100.8,242.5,1.02,1.11,201.9,0.84,0.59,0.30
2018,McLaren,600LT Coupé,RWD,755 HP,590 LB-FT,"2,952 LBS",3.99L,41%,8.1,7.0,7.1,7.7,8.9,4.9,2.956,5.147,81.4,189.7,1.27,1.46,220.1,0.82,0.61,0.35
2021,McLaren,620R,RWD,612 HP,457 LB-FT,"3,131 LBS",3.8L,43%,6.8,7.1,6.7,4.4,8.4,5.1,2.749,5.870,85.9,198.2,1.25,1.46,184.0,0.77,0.59,0.35
2014,McLaren,650S Spider,RWD,641 HP,500 LB-FT,"3,236 LBS",3.8L,42%,7.4,6.3,6.7,4.8,7.8,5.1,2.762,5.687,93.3,217.3,1.13,1.24,205.7,0.81,0.59,0.35
2023,McLaren,Artura,RWD,670 HP,531 LB-FT,"3,384 LBS",2.99L,42%,8.1,6.3,6.7,7.3,7.2,4.9,2.565,5.406,90.5,222.3,1.11,1.21,223.0,0.84,0.60,0.35
1993,McLaren,F1,RWD,627 HP,480 LB-FT,"2,840 LBS",6.06L,41%,8.8,5.8,6.3,5.8,5.4,5.0,3.400,7.540,113.9,277.3,1.14,1.24,243.3,0.90,0.63,0.31
1997,McLaren,F1 GT,RWD,618 HP,480 LB-FT,"2,469 LBS",6.06L,41%,8.6,7.2,6.5,6.1,6.6,4.8,3.200,6.843,110.6,259.4,1.23,1.44,229.0,0.87,0.59,0.31
2013,McLaren,P1,RWD,903 HP,663 LB-FT,"3,296 LBS",3.8L,42%,9.1,7.4,6.9,7.4,9.2,4.9,2.844,5.031,79.7,187.9,1.28,1.49,252.9,0.89,0.58,0.36
2021,McLaren,Sabre,RWD,824 HP,590 LB-FT,"3,258 LBS",3.99L,41%,8.1,6.9,6.9,4.1,7.7,4.6,3.057,5.532,84.4,202.7,1.24,1.38,209.1,0.82,0.62,0.35
2019,McLaren,Speedtail,RWD,1055 HP,847 LB-FT,"3,521 LBS",3.99L,42%,9.7,6.5,6.8,7.4,7.2,4.3,1.972,4.023,84.5,206.6,1.23,1.35,264.2,0.86,0.59,0.35
2016,Mercedes-AMG,C 63 S Coupé,RWD,503 HP,516 LB-FT,"3,968 LBS",3.98L,53%,7.0,5.3,5.2,5.5,5.6,5.1,3.762,8.627,113.6,273.3,0.96,1.00,191.8,0.84,0.48,0.38
2018,Mercedes-AMG,E 63 S,AWD,603 HP,626 LB-FT,"4,515 LBS",3.98L,55%,7.6,5.5,8.7,9.7,4.8,5.5,2.898,6.814,118.6,301.5,0.95,0.98,208.3,0.83,0.48,0.46
2018,Mercedes-AMG,GT 4-Door Coupé,AWD,630 HP,663 LB-FT,"4,508 LBS",3.98L,52%,8.0,5.3,8.4,9.4,4.5,5.5,3.039,7.400,119.4,306.4,0.93,0.95,217.6,0.85,0.50,0.43
2020,Mercedes-AMG,GT Black Series Welcome Pack,RWD,720 HP,590 LB-FT,"2,557 LBS",3.98L,48%,7.4,8.9,7.8,8.6,10.0,4.7,2.830,5.765,67.9,152.8,1.75,2.17,202.8,0.75,0.62,0.42
2017,Mercedes-AMG,GT R,RWD,577 HP,516 LB-FT,"3,428 LBS",3.98L,47%,N/A,N/A,N/A,N/A,N/A,N/A,3.600,7.783,96.1,224.3,1.14,1.23,201.8,N/A,N/A,N/A
2015,Mercedes-AMG,GT S,RWD,503 HP,479 LB-FT,"3,573 LBS",3.98L,47%,N/A,N/A,N/A,N/A,N/A,N/A,3.586,8.385,95.9,227.9,1.10,1.16,192.9,N/A,N/A,N/A
2021,Mercedes-AMG,Mercedes-AMG ONE,AWD,1086 HP,700 LB-FT,"3,737 LBS",1.6L,49%,8.5,8.7,10.0,9.4,9.6,5.3,2.000,4.171,72.8,176.9,1.38,1.65,232.9,0.80,0.60,0.49
2021,Mercedes-AMG,SL 63,AWD,577 HP,590 LB-FT,"4,305 LBS",3.98L,54%,7.4,5.5,8.7,9.8,4.8,5.3,2.914,6.922,117.4,296.3,0.97,0.99,203.4,0.82,0.49,0.49
2020,Mercedes-AMG,SLC 43 Final Edition,RWD,385 HP,384 LB-FT,"3,541 LBS",3L,52%,6.9,5.3,5.1,5.4,4.5,5.0,4.166,9.226,129.7,320.4,0.95,1.00,189.0,0.85,0.50,0.44
1954,Mercedes-Benz,300 SL Coupé,RWD,241 HP,217 LB-FT,"2,960 LBS",3L,48%,5.1,3.9,3.6,2.3,2.4,5.8,8.200,20.860,174.7,435.9,0.78,0.78,144.3,0.87,0.57,0.00
1955,Mercedes-Benz,300 SLR,RWD,310 HP,234 LB-FT,"1,984 LBS",2.98L,48%,6.9,4.2,5.0,3.9,3.1,5.2,4.500,10.428,158.4,396.0,0.91,0.90,188.5,0.90,0.56,0.00
2013,Mercedes-Benz,A 45 AMG,AWD,355 HP,326 LB-FT,"3,263 LBS",1.99L,60%,6.7,5.7,6.6,4.5,4.4,5.5,4.136,10.332,128.9,321.6,0.93,0.96,184.2,0.88,0.44,0.51
1998,Mercedes-Benz,AMG CLK GTR,RWD,822 HP,539 LB-FT,"3,175 LBS",6.9L,42%,N/A,N/A,N/A,N/A,N/A,N/A,3.783,8.081,107.6,254.6,1.22,1.40,207.0,N/A,N/A,N/A
1987,Mercedes-Benz,AMG Hammer Coupe,RWD,379 HP,417 LB-FT,"3,640 LBS",5.95L,53%,7.2,5.0,4.2,3.0,3.8,5.2,4.935,11.846,133.3,334.5,1.02,1.02,195.9,0.90,0.48,0.38
2012,Mercedes-Benz,C 63 AMG Coupé Black Series,RWD,510 HP,457 LB-FT,"3,854 LBS",6.21L,54%,7.1,5.6,5.1,5.3,5.2,5.1,4.217,8.846,126.9,303.5,0.98,1.04,193.4,0.83,0.48,0.61
2014,Mercedes-Benz,G 63 AMG 6x6,AWD,536 HP,560 LB-FT,"9,050 LBS",5.46L,47%,N/A,N/A,N/A,N/A,N/A,N/A,7.000,21.376,127.0,321.9,0.90,0.89,134.5,N/A,N/A,N/A
2013,Mercedes-Benz,G 65 AMG,AWD,603 HP,737 LB-FT,"5,688 LBS",5.98L,55%,5.9,2.9,6.6,8.0,3.2,8.2,5.116,11.240,150.1,376.3,0.80,0.79,164.6,0.69,0.51,0.00
2009,Mercedes-Benz,SL 65 AMG Black Series,RWD,661 HP,738 LB-FT,"4,215 LBS",5.98L,52%,7.9,5.6,5.3,4.8,5.2,4.9,3.860,7.778,120.3,293.1,1.01,1.06,216.1,0.83,0.50,0.40
2014,Mercedes-Benz,Unimog U5023,AWD,228 HP,663 LB-FT,"15,432 LBS",5.13L,53%,2.8,3.0,1.3,3.0,2.7,9.0,26.600,N/A,144.6,N/A,0.79,0.79,77.7,0.07,0.51,0.53
2018,Mercedes-Benz,X-Class,AWD,188 HP,332 LB-FT,"4,764 LBS",2.3L,58%,4.2,2.9,2.4,4.2,2.8,8.1,10.845,36.510,155.8,385.8,0.79,0.79,116.1,0.78,0.39,0.00
1971,Meyers,Manx,RWD,60 HP,82 LB-FT,"1,235 LBS",1.59L,35%,3.1,3.9,2.9,5.3,2.6,6.2,11.658,N/A,166.8,N/A,0.82,0.82,89.4,0.82,0.71,0.00
1986,MG,Metro 6R4,AWD,250 HP,225 LB-FT,"2,271 LBS",2.99L,45%,4.2,5.7,6.8,6.9,5.8,8.0,3.094,7.955,101.6,243.3,1.13,1.26,122.1,0.79,0.57,0.50
1965,MINI,Cooper S,FWD,75 HP,80 LB-FT,"1,480 LBS",1.28L,60%,3.6,3.0,2.6,2.7,2.0,4.3,10.387,N/A,171.9,N/A,0.75,0.74,99.4,0.84,0.59,0.00
2012,MINI,John Cooper Works GP,FWD,215 HP,206 LB-FT,"2,557 LBS",1.6L,61%,5.4,4.5,4.2,4.3,3.7,4.9,5.789,14.275,131.7,338.4,0.92,0.91,150.1,0.85,0.60,0.00
2021,MINI,John Cooper Works GP,FWD,302 HP,332 LB-FT,"2,855 LBS",2L,64%,5.9,5.4,4.7,4.9,4.6,4.9,5.028,9.971,124.3,314.9,0.96,1.02,162.7,0.83,0.56,0.52
2013,MINI,X-Raid All4 Racing Countryman,AWD,307 HP,516 LB-FT,"4,299 LBS",2.99L,55%,3.3,4.5,5.2,8.4,4.1,8.4,4.870,N/A,117.7,N/A,0.86,0.85,95.0,0.76,0.47,0.00
2018,MINI,X-Raid John Cooper Works Buggy,RWD,362 HP,536 LB-FT,"4,328 LBS",2.99L,43%,4.5,3.6,4.0,3.1,4.9,10.0,4.305,13.554,130.4,325.2,0.87,0.86,122.6,0.68,0.51,0.00
2005,Mitsubishi,#1 Sierra Sierra Enterprises Lancer Evolution Time Attack,AWD,949 HP,703 LB-FT,"2,770 LBS",2.24L,54%,6.5,9.1,10.0,3.0,10.0,4.6,2.408,4.236,73.5,165.8,1.75,2.29,182.8,0.81,0.51,0.49
1990,Mitsubishi,#269 Attacking the Clock Racing Minicab Time Attack,RWD,39 HP,38 LB-FT,"1,400 LBS",0.66L,52%,2.3,6.9,1.9,4.5,9.2,5.2,26.081,N/A,95.2,N/A,1.69,2.16,67.3,0.66,0.59,0.45
1995,Mitsubishi,Eclipse GSX,AWD,210 HP,214 LB-FT,"3,199 LBS",2L,59%,5.9,4.3,3.9,3.2,2.8,5.8,6.910,18.727,146.4,380.2,0.86,0.87,158.6,0.90,0.44,0.50
1992,Mitsubishi,Galant VR-4,AWD,237 HP,224 LB-FT,"2,976 LBS",2L,58%,5.4,4.5,4.6,3.1,2.8,5.7,5.926,16.714,146.8,380.8,0.83,0.84,148.2,0.85,0.45,0.49
1997,Mitsubishi,GTO,AWD,320 HP,315 LB-FT,"3,704 LBS",2.97L,61%,6.1,4.8,4.5,3.6,3.4,5.8,5.611,14.223,139.0,351.5,0.89,0.91,166.7,0.87,0.42,0.52
1995,Mitsubishi,Lancer Evolution III GSR,AWD,267 HP,228 LB-FT,"2,778 LBS",2L,59%,5.7,4.9,5.9,4.9,3.5,5.9,4.771,13.044,139.9,357.8,0.90,0.95,157.1,0.84,0.43,0.50
2006,Mitsubishi,Lancer Evolution IX MR,AWD,286 HP,289 LB-FT,"3,285 LBS",2L,60%,5.9,5.0,4.7,2.4,3.6,5.9,4.542,12.170,136.8,345.3,0.91,0.93,162.5,0.87,0.41,0.51
2001,Mitsubishi,Lancer Evolution VI GSR TM Edition,AWD,276 HP,275 LB-FT,"2,822 LBS",2L,58%,5.3,5.1,6.4,4.3,4.2,5.7,4.520,9.650,133.3,333.2,0.95,1.03,149.2,0.77,0.44,0.49
2004,Mitsubishi,Lancer Evolution VIII MR,AWD,305 HP,315 LB-FT,"3,109 LBS",2L,60%,6.2,5.0,5.7,3.1,3.6,6.0,4.728,12.436,134.2,344.5,0.92,0.93,168.8,0.87,0.41,0.51
2004,Mitsubishi,Lancer Evolution VIII MR Welcome Pack,AWD,331 HP,352 LB-FT,"2,833 LBS",2L,60%,6.9,6.5,7.7,4.1,5.1,6.9,4.679,12.319,104.1,257.3,1.18,1.31,189.5,0.87,0.54,0.53
2008,Mitsubishi,Lancer Evolution X GSR,AWD,305 HP,315 LB-FT,"3,395 LBS",2L,60%,5.7,5.1,5.1,2.9,3.7,6.0,4.870,13.142,133.6,340.1,0.92,0.93,157.0,0.84,0.42,0.51
1997,Mitsubishi,Montero Evolution,AWD,276 HP,257 LB-FT,"4,387 LBS",3.5L,56%,4.6,2.6,3.6,3.3,2.5,8.0,7.510,19.467,158.9,400.0,0.78,0.77,126.6,0.71,0.37,0.00
1995,Mitsubishi,Montero Exceed 2800 TD,AWD,123 HP,215 LB-FT,"4,696 LBS",2.84L,57%,3.5,2.9,2.1,2.9,2.8,8.2,17.552,N/A,163.0,N/A,0.78,0.78,97.5,0.68,0.38,0.00
1983,Nissan,#11 Tomica Skyline Turbo Super Silhouette,RWD,562 HP,397 LB-FT,"2,216 LBS",2.08L,52%,6.7,8.4,7.1,2.7,9.1,4.3,3.978,7.091,76.3,176.6,1.72,2.06,187.5,0.76,0.46,0.42
1990,Nissan,#12 Skyline GT-R (BNR32 Gr.A) JTC,AWD,641 HP,492 LB-FT,"2,780 LBS",2.57L,60%,7.3,7.8,9.1,3.3,8.1,5.0,2.500,5.238,76.6,183.5,1.58,1.78,200.7,0.79,0.42,0.55
1998,Nissan,#23 Pennzoil NISMO Skyline GT-R,RWD,493 HP,520 LB-FT,"2,646 LBS",2.71L,56%,6.5,8.4,6.4,2.1,9.5,4.5,3.085,6.724,77.1,173.9,1.72,2.09,176.7,0.77,0.54,0.45
1993,Nissan,#32 Skyline WTAC 'Xtreme GTR',AWD,1000 HP,543 LB-FT,"3,197 LBS",2.83L,55%,6.8,9.6,7.8,2.1,10.0,5.4,3.530,5.210,71.5,150.6,1.82,2.63,186.4,0.59,0.50,0.49
2000,Nissan,#36 Dream Project S15 Silvia WTAC,RWD,1051 HP,750 LB-FT,"2,323 LBS",2.16L,48%,6.7,9.3,7.7,4.6,10.0,4.4,2.616,4.385,72.8,151.2,2.05,3.30,185.8,0.55,0.58,0.42
1993,Nissan,240SX,RWD,155 HP,160 LB-FT,"2,915 LBS",2.39L,53%,5.1,4.2,3.3,2.5,2.5,5.6,8.332,24.706,160.3,396.2,0.82,0.83,137.7,0.88,0.48,0.43
2010,Nissan,370Z,RWD,332 HP,270 LB-FT,"3,267 LBS",3.7L,53%,6.6,5.1,4.8,4.6,3.9,5.2,5.068,12.669,141.6,346.2,0.96,0.99,180.3,0.87,0.49,0.38
2019,Nissan,370Z Nismo,RWD,350 HP,276 LB-FT,"3,389 LBS",3.7L,54%,6.6,5.7,5.3,4.8,4.5,5.4,4.839,11.792,135.8,328.3,0.99,1.04,179.4,0.86,0.47,0.42
1987,Nissan,Be-1,FWD,51 HP,55 LB-FT,"1,543 LBS",0.99L,62%,3.0,4.3,2.1,1.5,3.2,6.1,16.074,N/A,177.2,N/A,0.88,0.92,86.6,0.84,0.43,0.47
2003,Nissan,Fairlady Z,RWD,287 HP,273 LB-FT,"3,310 LBS",3.5L,53%,6.5,5.0,4.6,4.0,3.5,5.2,5.749,14.258,144.0,358.2,0.93,0.95,176.2,0.88,0.48,0.38
1969,Nissan,Fairlady Z 432,RWD,160 HP,133 LB-FT,"2,308 LBS",1.99L,51%,4.4,4.4,3.6,2.4,2.7,5.4,8.620,26.714,169.5,416.6,0.81,0.80,123.5,0.83,0.50,0.00
1994,Nissan,Fairlady Z Version S Twin Turbo,RWD,276 HP,283 LB-FT,"3,351 LBS",2.96L,54%,6.0,4.8,4.3,2.7,3.2,5.2,5.441,14.448,149.4,371.4,0.90,0.91,164.6,0.87,0.48,0.44
1991,Nissan,Figaro,FWD,75 HP,78 LB-FT,"1,786 LBS",0.99L,61%,3.4,4.1,2.6,1.0,2.9,6.0,12.588,N/A,176.0,N/A,0.84,0.89,96.8,0.83,0.45,0.46
1995,Nissan,Gloria Gran Turismo,RWD,267 HP,271 LB-FT,"3,505 LBS",2.99L,54%,6.0,4.6,4.3,2.5,3.1,5.7,6.148,15.326,159.4,387.5,0.87,0.88,166.2,0.85,0.49,0.39
2017,Nissan,GT-R (R35),AWD,565 HP,467 LB-FT,"3,933 LBS",3.8L,54%,7.5,5.9,8.7,7.8,5.3,5.5,2.706,6.653,106.0,269.4,1.07,1.13,208.9,0.87,0.46,0.49
2012,Nissan,GT-R Black Edition (R35),AWD,542 HP,466 LB-FT,"3,887 LBS",3.8L,55%,7.6,6.1,8.5,8.1,5.3,5.6,2.754,6.864,106.7,268.2,1.07,1.13,212.1,0.87,0.46,0.46
2012,Nissan,GT-R Black Edition (R35) Forza Edition,RWD,2790 HP,2287 LB-FT,"3,979 LBS",3.8L,53%,10.0,6.6,10.0,10.0,8.1,5.6,N/A,N/A,N/A,N/A,N/A,N/A,N/A,N/A,N/A,N/A
2024,Nissan,GT-R Nismo,AWD,600 HP,481 LB-FT,"3,867 LBS",3.8L,54%,7.6,7.1,9.2,7.4,7.3,5.4,2.658,6.566,84.1,206.2,1.20,1.31,210.3,0.85,0.47,0.39
2020,Nissan,GT-R NISMO (R35),AWD,600 HP,481 LB-FT,"3,867 LBS",3.8L,54%,7.5,6.7,8.9,7.2,6.8,5.1,2.655,6.500,84.5,209.0,1.18,1.25,209.2,0.88,0.48,0.54
1995,Nissan,NISMO GT-R LM,RWD,300 HP,275 LB-FT,"3,483 LBS",2.57L,54%,5.9,5.8,4.5,2.1,4.0,4.7,5.538,13.734,140.2,344.2,0.97,1.00,162.5,0.85,0.45,0.44
1989,Nissan,PAO,FWD,51 HP,55 LB-FT,"1,676 LBS",0.99L,62%,3.0,4.7,1.9,1.2,3.1,6.6,18.356,N/A,183.5,N/A,0.86,0.91,84.9,0.85,0.51,0.54
1990,Nissan,Pulsar GTI-R,AWD,227 HP,209 LB-FT,"2,734 LBS",2L,62%,5.4,4.4,5.5,3.4,2.9,5.4,4.928,13.931,147.8,381.6,0.86,0.86,151.1,0.84,0.41,0.53
1998,Nissan,R390 (GT1),RWD,550 HP,471 LB-FT,"2,264 LBS",3.5L,42%,7.1,6.6,6.2,3.1,6.6,3.9,3.900,6.630,108.9,258.0,1.20,1.43,197.5,0.88,0.58,0.32
1989,Nissan,S-Cargo,FWD,72 HP,85 LB-FT,"2,094 LBS",1.49L,62%,3.1,4.1,2.0,1.2,2.8,6.0,17.374,N/A,189.1,N/A,0.83,0.85,86.3,0.80,0.44,0.47
1989,Nissan,S-Cargo Forza Edition,RWD,346 HP,288 LB-FT,"1,770 LBS",2.94L,62%,7.6,7.5,4.7,4.8,6.8,5.1,N/A,N/A,N/A,N/A,N/A,N/A,N/A,N/A,N/A,N/A
1985,Nissan,Safari Turbo,AWD,108 HP,188 LB-FT,"3,671 LBS",3.25L,58%,3.3,2.9,2.0,3.2,2.2,8.3,16.264,N/A,169.4,N/A,0.76,0.75,92.5,0.72,0.44,0.00
1989,Nissan,Silvia K's,RWD,173 HP,166 LB-FT,"2,472 LBS",1.81L,53%,5.2,4.7,4.1,2.1,4.5,4.9,6.055,17.195,125.8,298.7,0.96,1.02,146.2,0.86,0.48,0.62
1994,Nissan,Silvia K's,RWD,217 HP,202 LB-FT,"2,789 LBS",2L,54%,5.8,4.9,4.4,2.7,3.4,5.5,6.229,17.209,150.4,368.6,0.90,0.94,159.3,0.87,0.47,0.44
1998,Nissan,Silvia K's Aero,RWD,217 HP,202 LB-FT,"2,789 LBS",2L,54%,5.7,4.8,4.4,2.5,3.4,5.6,6.231,15.728,148.7,364.6,0.91,0.95,156.6,0.88,0.47,0.44
2002,Nissan,Silvia Spec-R,RWD,250 HP,205 LB-FT,"2,734 LBS",2L,51%,6.3,5.0,4.8,3.0,3.8,5.3,5.450,13.957,144.5,354.6,0.92,0.97,173.9,0.87,0.50,0.39
1971,Nissan,Skyline 2000GT-R,RWD,160 HP,133 LB-FT,"2,425 LBS",1.99L,54%,4.7,4.0,3.6,2.5,2.6,5.3,6.936,19.706,171.8,424.7,0.79,0.79,132.3,0.85,0.49,0.00
1992,Nissan,Skyline GT-R,AWD,276 HP,260 LB-FT,"3,263 LBS",2.57L,59%,6.0,5.1,5.8,3.3,3.6,5.8,4.923,12.738,138.5,348.6,0.90,0.94,166.5,0.84,0.44,0.50
2000,Nissan,Skyline GT-R V Spec II,AWD,281 HP,289 LB-FT,"3,439 LBS",2.57L,55%,6.4,5.2,6.5,3.9,3.8,5.8,4.546,10.571,136.4,340.5,0.92,0.96,175.9,0.85,0.46,0.50
1997,Nissan,Skyline GT-R V-Spec,AWD,276 HP,271 LB-FT,"3,395 LBS",2.57L,55%,6.4,4.9,5.6,3.1,3.6,5.9,5.245,12.729,139.4,348.0,0.91,0.93,174.9,0.86,0.46,0.49
1987,Nissan,Skyline GTS-R,RWD,206 HP,181 LB-FT,"2,965 LBS",2L,52%,5.7,4.3,4.0,2.5,2.7,5.2,7.423,18.700,159.2,394.9,0.84,0.85,153.3,0.87,0.49,0.42
1973,Nissan,Skyline H/T 2000GT-R,RWD,158 HP,130 LB-FT,"2,524 LBS",1.99L,55%,4.7,4.2,3.4,2.2,3.0,6.0,8.917,22.802,164.7,401.9,0.81,0.81,129.5,0.84,0.49,0.00
1997,Nissan,Stagea RS Four V,AWD,232 HP,202 LB-FT,"3,571 LBS",2.5L,57%,5.4,5.0,3.4,1.7,3.1,6.3,8.100,20.087,152.7,382.7,0.85,0.86,147.0,0.84,0.43,0.47
2024,Nissan,Z NISMO,RWD,420 HP,384 LB-FT,"3,704 LBS",3L,57%,6.6,5.6,5.3,5.6,4.8,5.2,4.002,9.419,125.9,300.7,1.07,1.14,180.3,0.81,0.44,0.45
2010,Noble,M600,RWD,650 HP,604 LB-FT,"2,756 LBS",4.44L,40%,8.5,7.0,7.4,7.8,6.1,5.1,3.235,6.671,106.8,258.0,1.18,1.35,235.8,0.89,0.61,0.34
1984,Opel,Manta 400,RWD,275 HP,221 LB-FT,"2,183 LBS",2.41L,55%,5.8,4.6,4.6,4.8,3.7,6.8,4.729,11.084,141.0,347.3,0.93,0.93,160.1,0.85,0.30,0.45
2016,Pagani,Huayra BC Coupe,RWD,740 HP,737 LB-FT,"2,685 LBS",5.98L,44%,8.4,7.9,7.0,7.6,9.5,4.6,2.746,5.493,80.7,188.9,1.32,1.56,231.4,0.85,0.55,0.38
2021,Pagani,Huayra R,RWD,838 HP,553 LB-FT,"2,447 LBS",5.99L,46%,8.7,9.5,7.8,8.2,10.0,5.0,2.700,4.698,65.9,145.1,1.79,2.35,236.1,0.83,0.56,0.40
2010,Pagani,Zonda Cinque Roadster,RWD,678 HP,575 LB-FT,"2,858 LBS",7.29L,47%,7.4,6.8,6.4,6.9,8.3,4.8,3.280,6.350,87.7,207.5,1.20,1.41,203.8,0.87,0.54,0.41
2009,Pagani,Zonda R,RWD,739 HP,523 LB-FT,"2,536 LBS",5.99L,46%,8.0,9.2,7.6,8.2,10.0,4.2,2.800,4.915,68.0,154.7,1.72,2.11,223.2,0.83,0.54,0.40
1962,Peel,P50,RWD,4 HP,6 LB-FT,310 LBS,0.05L,50%,1.1,2.8,1.0,2.4,5.2,4.8,N/A,N/A,N/A,N/A,0.69,1.04,36.1,0.80,0.97,0.35
1962,Peel,P50 Trolli Edition,RWD,4 HP,6 LB-FT,310 LBS,0.05L,50%,1.1,2.8,1.0,2.4,5.2,4.8,N/A,N/A,N/A,N/A,0.69,1.04,36.1,0.80,0.97,0.35
2011,Penhall,The Cholla,RWD,195 HP,190 LB-FT,"2,200 LBS",2.38L,45%,4.1,3.7,5.7,4.8,4.3,9.8,5.436,19.783,148.9,370.3,0.91,0.90,114.1,0.76,0.48,0.00
1991,Peugeot,205 Rallye,FWD,99 HP,87 LB-FT,"1,742 LBS",1.29L,65%,4.3,4.0,2.9,3.8,2.5,5.1,9.430,24.541,155.4,402.9,0.84,0.83,120.1,0.87,0.60,0.00
1984,Peugeot,205 Turbo 16,AWD,200 HP,188 LB-FT,"2,524 LBS",1.78L,45%,5.0,4.6,4.4,1.6,3.6,7.4,5.713,15.202,137.2,345.6,0.92,0.93,139.3,0.83,0.57,0.36
2007,Peugeot,207 Super 2000,AWD,280 HP,184 LB-FT,"2,425 LBS",2L,58%,5.3,5.8,5.9,5.2,5.7,8.3,5.430,15.780,96.2,234.2,1.17,1.28,150.3,0.83,0.44,0.50
1968,Plymouth,Barracuda Formula S,RWD,300 HP,400 LB-FT,"3,470 LBS",6.29L,57%,5.2,4.1,3.8,3.4,2.9,6.5,6.916,17.319,165.9,407.5,0.82,0.81,143.4,0.81,0.47,0.00
1971,Plymouth,Cuda 426 HEMI,RWD,425 HP,490 LB-FT,"3,880 LBS",6.97L,58%,5.6,3.5,3.4,3.3,2.4,5.4,5.547,12.589,170.4,425.9,0.78,0.77,155.3,0.85,0.43,0.00
1958,Plymouth,Fury,RWD,305 HP,370 LB-FT,"3,595 LBS",5.73L,57%,5.2,3.5,3.2,2.8,2.1,5.9,6.937,15.436,181.0,444.2,0.76,0.76,143.5,0.78,0.45,0.00
2021,Polaris,RZR Pro XP Factory Racing Limited Edition,AWD,181 HP,126 LB-FT,"2,050 LBS",0.93L,45%,N/A,N/A,N/A,N/A,N/A,N/A,5.242,N/A,141.0,N/A,0.91,0.98,91.4,N/A,N/A,N/A
2021,Polaris,RZR Pro XP Ultimate,AWD,181 HP,120 LB-FT,"1,870 LBS",0.93L,45%,3.2,3.4,4.0,4.2,4.8,9.1,5.394,N/A,130.1,N/A,0.94,0.93,91.0,0.56,0.51,0.00
1977,Pontiac,Firebird Trans Am,RWD,201 HP,325 LB-FT,"3,800 LBS",6.6L,58%,5.1,3.7,3.1,2.0,2.1,5.9,7.838,21.715,176.6,438.1,0.77,0.76,136.2,0.84,0.42,0.00
1987,Pontiac,Firebird Trans Am GTA,RWD,210 HP,315 LB-FT,"3,483 LBS",5.73L,57%,5.5,3.8,3.4,3.1,2.4,5.0,7.025,18.525,163.5,407.6,0.83,0.82,148.3,0.87,0.43,0.00
1987,Porsche,959,AWD,450 HP,369 LB-FT,"3,190 LBS",2.85L,43%,7.3,5.5,8.2,4.7,4.9,5.2,3.543,7.980,110.5,282.0,1.08,1.13,200.4,0.86,0.57,0.34
1985,Porsche,#185 959 Prodrive Rally Raid,AWD,394 HP,320 LB-FT,"3,322 LBS",2.85L,44%,N/A,N/A,N/A,N/A,N/A,N/A,4.500,10.000,113.0,286.1,1.01,1.09,173.0,N/A,N/A,N/A
1970,Porsche,#3 917 LH,RWD,601 HP,415 LB-FT,"2,044 LBS",4.96L,36%,8.2,5.2,7.2,7.1,4.9,4.5,2.388,4.746,112.4,285.5,1.09,1.11,222.2,0.90,0.67,0.26
1970,Porsche,#3 917 LH Forza Edition,RWD,839 HP,551 LB-FT,"1,984 LBS",4.6L,36%,9.5,9.8,6.8,6.8,10.0,5.9,N/A,N/A,N/A,N/A,N/A,N/A,N/A,N/A,N/A,N/A
2019,Porsche,#70 Porsche Motorsport 935,RWD,691 HP,560 LB-FT,"3,042 LBS",3.8L,43%,N/A,N/A,N/A,N/A,N/A,N/A,2.700,5.400,78.0,174.3,1.67,2.02,209.9,N/A,N/A,N/A
2022,Porsche,718 Cayman GT4 RS,RWD,493 HP,332 LB-FT,"3,120 LBS",4L,45%,7.7,7.2,6.8,7.3,6.2,5.0,3.157,7.005,100.0,239.8,1.23,1.37,209.5,0.87,0.58,0.38
2018,Porsche,718 Cayman GTS,RWD,361 HP,317 LB-FT,"3,135 LBS",2.5L,44%,6.8,6.5,6.4,7.0,5.5,4.9,3.544,8.514,115.0,276.1,1.10,1.19,179.8,0.86,0.55,0.32
1973,Porsche,911 Carrera RS,RWD,207 HP,188 LB-FT,"2,450 LBS",2.69L,41%,5.2,4.5,5.1,3.7,3.1,5.3,6.935,16.222,147.4,373.0,0.91,0.91,145.8,0.85,0.63,0.26
2019,Porsche,911 Carrera S,RWD,444 HP,391 LB-FT,"3,340 LBS",2.98L,45%,7.4,6.6,6.4,6.9,7.6,5.0,3.307,7.635,91.8,221.7,1.13,1.25,202.9,0.87,0.54,0.38
1995,Porsche,911 GT2,RWD,424 HP,398 LB-FT,"2,855 LBS",3.6L,38%,6.5,5.6,6.7,4.8,5.3,5.1,3.828,8.554,111.6,274.9,1.10,1.18,180.5,0.84,0.59,0.28
2018,Porsche,911 GT2 RS,RWD,691 HP,553 LB-FT,"3,197 LBS",3.8L,40%,7.5,7.9,7.6,8.3,8.8,5.1,2.855,5.521,81.9,191.9,1.29,1.52,202.1,0.80,0.60,0.34
2004,Porsche,911 GT3,RWD,381 HP,284 LB-FT,"3,160 LBS",3.6L,38%,7.1,6.1,6.4,5.7,5.3,5.4,4.144,9.348,108.2,271.4,1.09,1.15,196.9,0.87,0.62,0.23
2021,Porsche,911 GT3,RWD,503 HP,346 LB-FT,"3,164 LBS",4L,39%,7.4,7.4,7.4,6.1,7.9,5.1,3.154,6.887,83.9,198.3,1.26,1.41,202.9,0.85,0.61,0.32
2019,Porsche,911 GT3 RS,RWD,514 HP,346 LB-FT,"3,153 LBS",4L,39%,N/A,N/A,N/A,N/A,N/A,N/A,2.988,6.900,82.2,196.5,1.28,1.46,198.8,N/A,N/A,N/A
2023,Porsche,911 GT3 RS,RWD,518 HP,343 LB-FT,"3,197 LBS",4L,39%,7.0,8.0,7.2,5.4,10.0,5.2,2.957,6.789,79.8,179.9,1.30,1.54,192.3,0.83,0.62,0.34
2012,Porsche,911 GT3 RS 4.0,RWD,493 HP,339 LB-FT,"2,998 LBS",4L,40%,7.4,7.1,7.6,7.1,7.3,5.0,3.547,7.854,86.4,208.6,1.23,1.34,202.3,0.86,0.60,0.28
2023,Porsche,911 Rallye,AWD,473 HP,420 LB-FT,"3,552 LBS",2.98L,40%,7.0,5.7,7.9,6.8,4.8,8.3,3.129,7.555,101.8,257.4,1.14,1.19,193.6,0.83,0.62,0.33
1982,Porsche,911 Turbo 3.3,RWD,296 HP,304 LB-FT,"2,866 LBS",3.3L,40%,5.6,4.7,4.8,2.0,4.1,5.6,5.028,12.002,130.2,328.7,0.91,0.93,156.3,0.82,0.60,0.30
2023,Porsche,911 Turbo S,AWD,641 HP,590 LB-FT,"3,450 LBS",3.75L,38%,7.8,6.3,9.3,10.0,7.2,5.4,2.172,5.131,90.1,220.3,1.11,1.20,211.2,0.82,0.62,0.31
2014,Porsche,918 Spyder,AWD,887 HP,829 LB-FT,"3,692 LBS",4.59L,43%,8.8,7.7,10.0,10.0,9.0,5.1,2.157,4.786,77.3,187.6,1.28,1.47,242.8,0.85,0.58,0.43
1993,Porsche,928 GTS,RWD,345 HP,369 LB-FT,"3,594 LBS",5.4L,50%,6.4,4.9,5.0,3.9,4.0,5.4,5.245,12.855,129.1,324.1,1.03,1.05,174.4,0.86,0.50,0.40
1989,Porsche,944 Turbo,RWD,247 HP,258 LB-FT,"3,115 LBS",2.48L,51%,5.8,4.9,4.9,2.6,4.1,5.6,5.429,13.953,129.9,322.5,1.04,1.06,161.1,0.86,0.52,0.41
1993,Porsche,968 Turbo S,RWD,305 HP,369 LB-FT,"2,866 LBS",2.99L,51%,6.2,4.7,5.3,4.5,4.1,5.2,4.631,11.459,127.4,318.1,1.07,1.09,170.1,0.86,0.52,0.41
2003,Porsche,Carrera GT,RWD,605 HP,435 LB-FT,"3,258 LBS",5.73L,42%,7.6,6.1,6.6,7.2,7.4,5.0,3.537,6.868,87.4,213.8,1.16,1.27,209.8,0.83,0.60,0.30
2018,Porsche,Cayenne Turbo,AWD,550 HP,567 LB-FT,"4,796 LBS",4L,52%,6.7,4.8,7.4,9.8,6.0,6.3,3.588,9.261,97.9,245.9,0.96,0.97,182.2,0.79,0.49,0.43
2005,Porsche,Cayman GT3 WTAC,RWD,510 HP,332 LB-FT,"2,646 LBS",3.94L,44%,6.5,9.7,6.5,4.6,10.0,5.0,2.830,5.999,69.5,146.6,1.83,2.50,179.7,0.76,0.61,0.37
2018,Porsche,Macan LPR Rally Raid,AWD,360 HP,442 LB-FT,"4,899 LBS",4.95L,53%,5.1,3.8,4.7,4.6,4.7,10.0,4.878,13.677,124.3,315.0,0.84,0.84,140.7,0.70,0.49,0.00
2020,Porsche,Taycan Turbo S,AWD,752 HP,774 LB-FT,"5,121 LBS",N/A,49%,6.1,5.2,8.5,9.6,6.0,4.9,2.305,5.883,93.3,244.9,0.95,0.97,171.4,0.87,0.54,0.37
2015,Radical,RXC Turbo,RWD,454 HP,500 LB-FT,"2,072 LBS",3.5L,41%,7.0,8.2,7.0,5.8,8.3,4.6,2.550,5.040,89.4,207.6,1.36,1.67,194.9,0.83,0.60,0.35
2024,Ram,1500 TRX,AWD,702 HP,650 LB-FT,"6,443 LBS",6.17L,59%,5.9,2.9,6.3,4.9,3.3,8.8,3.586,9.492,176.3,392.2,0.84,0.83,162.0,0.60,0.38,0.00
1972,Reliant,Supervan III,RWD,32 HP,38 LB-FT,"1,004 LBS",0.7L,44%,2.6,2.9,2.2,4.5,2.0,6.1,18.628,N/A,199.0,N/A,0.71,0.70,75.9,0.84,0.00,0.00
1980,Renault,5 Turbo,RWD,156 HP,163 LB-FT,"2,138 LBS",1.4L,40%,4.5,4.0,4.6,3.3,2.9,6.3,6.554,19.016,152.8,386.3,0.86,0.86,127.3,0.83,0.52,0.30
1967,Renault,8 Gordini,RWD,103 HP,86 LB-FT,"1,885 LBS",1.26L,40%,4.0,4.2,3.5,2.8,2.9,6.1,10.714,44.218,162.9,402.2,0.80,0.79,112.1,0.83,0.62,0.00
1993,Renault,Clio Williams,FWD,142 HP,129 LB-FT,"2,233 LBS",2L,64%,4.7,4.3,4.0,3.1,2.9,5.2,7.664,20.560,150.1,382.2,0.86,0.88,132.5,0.86,0.59,0.54
2018,Renault,Megane R.S.,FWD,275 HP,287 LB-FT,"3,153 LBS",1.8L,61%,5.7,5.6,4.5,4.6,4.4,5.3,5.810,14.024,127.4,321.9,0.96,1.01,158.5,0.86,0.60,0.49
2008,Renault,Mégane R26.R,FWD,227 HP,228 LB-FT,"2,712 LBS",2L,66%,5.4,5.4,4.8,4.0,5.2,5.2,5.866,14.082,118.2,291.0,0.97,1.02,151.3,0.83,0.55,0.51
2010,Renault,Megane RS 250,FWD,250 HP,251 LB-FT,"3,058 LBS",2L,65%,5.6,5.4,4.8,2.9,4.8,5.4,6.049,14.590,117.8,297.4,0.95,0.97,154.5,0.84,0.58,0.50
2021,Rimac,Nevera,AWD,1893 HP,1739 LB-FT,"4,740 LBS",N/A,48%,9.0,6.8,8.2,9.2,8.3,4.8,1.850,4.300,69.6,182.1,1.25,1.36,258.4,0.87,0.53,0.43
2022,Rivian,R1T,AWD,835 HP,908 LB-FT,"6,936 LBS",N/A,52%,N/A,N/A,N/A,N/A,N/A,N/A,3.300,9.000,124.9,318.0,0.83,0.82,126.8,N/A,N/A,N/A
2021,RJ Anderson,#37 Polaris RZR Pro 4 Truck,AWD,846 HP,642 LB-FT,"4,329 LBS",7.14L,48%,5.4,2.9,8.1,8.5,5.3,9.0,2.340,5.241,111.8,288.6,0.93,0.93,148.9,0.44,0.52,0.00
2017,Saleen,S7 LM,RWD,1000 HP,850 LB-FT,"2,950 LBS",7L,40%,8.9,7.0,7.2,6.5,7.2,4.9,3.350,6.063,87.0,211.1,1.30,1.47,243.2,0.84,0.60,0.33
1993,Schuppan,962CR,RWD,600 HP,479 LB-FT,"2,315 LBS",3.29L,45%,8.3,7.4,4.9,2.8,6.8,5.0,3.484,6.713,106.3,253.5,1.24,1.48,224.3,0.88,0.57,0.39
1965,Shelby,Cobra 427 S/C,RWD,425 HP,500 LB-FT,"2,350 LBS",6.98L,52%,5.9,3.8,4.5,4.6,3.2,4.7,4.287,8.674,154.7,382.6,0.88,0.87,159.6,0.86,0.50,0.00
1965,Shelby,Cobra Daytona Coupe,RWD,390 HP,341 LB-FT,"2,300 LBS",4.73L,53%,6.7,3.6,3.7,2.9,2.8,4.9,3.998,8.729,155.6,385.7,0.86,0.85,184.1,0.88,0.48,0.00
2020,SIERRA Cars,#23 Yokohama ALPHA,RWD,600 HP,287 LB-FT,"1,150 LBS",1.34L,43%,6.2,8.9,7.6,4.5,10.0,4.5,2.022,3.918,72.1,154.9,1.72,2.45,171.7,0.76,0.61,0.37
2021,SIERRA Cars,700R,RWD,50 HP,43 LB-FT,805 LBS,0.69L,49%,2.7,5.3,4.1,6.9,6.3,8.6,6.900,N/A,107.0,N/A,1.21,1.35,78.6,0.73,0.45,0.00
2021,SIERRA Cars,RX3,RWD,194 HP,114 LB-FT,925 LBS,1.34L,45%,4.3,4.9,6.4,7.1,5.9,7.9,2.750,7.224,108.2,253.2,1.18,1.30,120.9,0.73,0.52,0.00
2013,SRT,Viper GTS,RWD,640 HP,600 LB-FT,"3,296 LBS",8.38L,49%,7.6,5.6,5.5,4.6,5.8,5.1,3.585,7.503,110.9,270.1,1.06,1.12,208.0,0.85,0.54,0.37
1980,Subaru,BRAT GL,AWD,69 HP,84 LB-FT,"2,061 LBS",1.6L,63%,3.6,3.9,2.3,2.1,1.9,6.7,14.700,68.993,181.7,454.7,0.76,0.76,100.5,0.86,0.41,0.00
2013,Subaru,BRZ,RWD,200 HP,151 LB-FT,"2,764 LBS",2L,55%,5.7,4.6,4.2,3.6,3.1,5.3,6.236,16.177,151.1,373.1,0.91,0.90,153.8,0.88,0.45,0.00
2022,Subaru,BRZ,RWD,228 HP,184 LB-FT,"2,835 LBS",2.39L,53%,5.4,5.5,5.1,4.7,4.2,5.4,5.336,13.379,141.5,341.7,0.96,1.01,147.0,0.83,0.48,0.45
2022,Subaru,BRZ Forza Edition,AWD,658 HP,659 LB-FT,"3,986 LBS",3.97L,51%,7.6,4.2,7.7,7.0,4.3,10.0,N/A,N/A,N/A,N/A,N/A,N/A,N/A,N/A,N/A,N/A
1998,Subaru,Impreza 22B-STi Version,AWD,276 HP,265 LB-FT,"2,800 LBS",2.21L,58%,5.9,4.9,7.0,4.7,4.0,5.7,4.534,12.789,130.5,334.6,0.95,1.00,163.0,0.84,0.44,0.49
2004,Subaru,Impreza WRX STI,AWD,278 HP,290 LB-FT,"3,270 LBS",1.99L,58%,5.9,4.9,6.0,3.6,3.6,5.9,4.748,12.277,137.4,345.8,0.91,0.92,161.7,0.84,0.44,0.49
2005,Subaru,Impreza WRX STI,AWD,311 HP,311 LB-FT,"3,315 LBS",1.99L,58%,6.2,4.9,6.3,3.2,3.6,6.1,4.357,11.844,136.9,345.0,0.91,0.92,168.6,0.84,0.44,0.49
2008,Subaru,Impreza WRX STI,AWD,305 HP,335 LB-FT,"3,395 LBS",2.46L,58%,5.7,5.1,5.4,3.8,3.7,5.9,4.929,12.362,132.6,337.1,0.92,0.93,157.3,0.83,0.44,0.49
2005,Subaru,Legacy B4 2.0 GT,AWD,276 HP,253 LB-FT,"3,153 LBS",1.99L,57%,6.5,4.8,6.0,5.8,3.3,5.6,5.038,13.724,136.0,355.9,0.88,0.90,181.5,0.89,0.47,0.48
1990,Subaru,Legacy RS,AWD,217 HP,199 LB-FT,"2,990 LBS",1.99L,57%,5.3,4.3,3.8,2.4,2.8,5.6,6.615,19.704,149.1,382.6,0.84,0.85,145.3,0.87,0.45,0.48
2019,Subaru,STI S209,AWD,341 HP,330 LB-FT,"3,485 LBS",2.46L,59%,6.0,5.3,5.8,3.1,4.4,5.9,4.331,10.964,124.4,313.5,0.94,0.96,165.1,0.83,0.44,0.41
1996,Subaru,SVX,AWD,230 HP,228 LB-FT,"3,580 LBS",3.32L,59%,5.8,5.0,3.5,2.4,3.2,5.6,7.209,18.004,136.6,357.1,0.88,0.89,156.8,0.88,0.44,0.50
1994,Subaru,Vivio RX-R,AWD,63 HP,65 LB-FT,"1,676 LBS",0.66L,58%,3.8,4.3,2.6,4.2,2.8,5.9,11.348,46.369,158.2,397.0,0.85,0.90,106.1,0.88,0.44,0.43
1994,Subaru,Vivio RX-R Forza Edition,FWD,476 HP,454 LB-FT,"1,598 LBS",2L,58%,6.3,8.6,5.9,6.3,9.8,4.2,N/A,N/A,N/A,N/A,N/A,N/A,N/A,N/A,N/A,N/A
2022,Subaru,WRX,AWD,271 HP,258 LB-FT,"3,297 LBS",2.39L,60%,5.9,5.2,5.6,6.0,3.8,6.0,5.420,13.554,135.0,347.4,0.93,0.96,163.8,0.85,0.42,0.51
2011,Subaru,WRX STI,AWD,305 HP,290 LB-FT,"3,384 LBS",2.46L,58%,6.0,5.3,5.1,2.8,3.9,6.2,5.423,13.936,132.7,337.8,0.93,0.94,165.6,0.86,0.44,0.49
2015,Subaru,WRX STI,AWD,305 HP,290 LB-FT,"3,386 LBS",2.46L,59%,6.0,5.3,5.5,3.1,3.9,5.9,4.728,12.349,131.0,335.3,0.93,0.94,165.3,0.85,0.44,0.50
2018,Subaru,WRX STI ARX Supercar,AWD,600 HP,479 LB-FT,"2,820 LBS",1.99L,51%,5.4,5.6,7.8,2.2,5.9,8.1,1.853,4.797,93.1,230.8,1.18,1.30,150.4,0.72,0.51,0.45
2013,Toyota,86,RWD,197 HP,151 LB-FT,"2,734 LBS",2L,55%,5.5,4.6,4.2,3.6,3.2,5.2,6.236,16.195,147.3,363.3,0.91,0.90,147.8,0.87,0.45,0.00
1993,Toyota,#1 T100 Baja Truck,RWD,360 HP,265 LB-FT,"4,000 LBS",3.41L,40%,4.7,3.7,5.9,6.0,4.7,10.0,5.099,14.483,124.8,319.6,0.93,0.92,130.6,0.80,0.57,0.00
1969,Toyota,2000GT,RWD,150 HP,130 LB-FT,"2,550 LBS",1.99L,51%,5.1,4.0,3.7,2.7,2.6,5.3,8.116,22.908,167.8,419.6,0.79,0.79,141.7,0.88,0.49,0.00
2019,Toyota,4Runner TRD Pro,AWD,270 HP,278 LB-FT,"4,750 LBS",3.96L,54%,5.1,3.5,3.3,2.3,3.2,9.1,7.530,20.813,145.5,367.8,0.82,0.81,139.4,0.77,0.41,0.00
2013,Toyota,86 Stories,RWD,404 HP,307 LB-FT,"2,729 LBS",2L,55%,6.8,6.3,5.3,5.3,5.2,4.7,6.212,16.068,117.7,282.7,1.15,1.24,187.3,0.84,0.43,0.47
1999,Toyota,Altezza RS200 Z Edition,RWD,208 HP,159 LB-FT,"2,998 LBS",2L,50%,5.7,4.9,4.3,3.5,3.2,5.6,6.828,17.656,148.8,370.9,0.89,0.91,156.6,0.88,0.51,0.35
2023,Toyota,Camry TRD,FWD,301 HP,267 LB-FT,"3,575 LBS",3.46L,60%,6.3,4.8,4.4,4.2,3.6,5.3,5.555,13.785,136.2,350.0,0.91,0.91,171.3,0.87,0.43,0.45
1992,Toyota,Celica GT-Four RC ST185,AWD,232 HP,224 LB-FT,"3,219 LBS",2L,60%,5.8,4.2,4.7,2.9,2.7,5.7,6.618,19.635,149.8,383.6,0.84,0.84,158.2,0.87,0.44,0.51
1994,Toyota,Celica GT-Four ST205,AWD,272 HP,239 LB-FT,"3,064 LBS",2L,59%,5.6,4.8,5.6,3.4,3.4,6.5,5.369,15.659,139.8,352.0,0.90,0.93,154.1,0.83,0.55,0.96
2003,Toyota,Celica Sport Specialty II,FWD,187 HP,133 LB-FT,"2,560 LBS",1.8L,64%,5.5,4.4,3.8,3.0,3.0,5.6,6.749,17.977,148.0,378.0,0.89,0.88,148.1,0.88,0.44,0.00
1997,Toyota,Chaser 2.5 Tourer V,RWD,276 HP,278 LB-FT,"3,263 LBS",2.49L,57%,5.6,4.7,4.0,2.6,3.3,5.6,5.852,14.530,152.5,378.5,0.89,0.90,152.9,0.84,0.45,0.42
1991,Toyota,Chaser GT Twin Turbo,RWD,276 HP,267 LB-FT,"3,395 LBS",2.49L,52%,5.8,4.5,4.0,1.8,3.1,5.6,5.933,14.526,154.9,382.9,0.86,0.87,159.6,0.85,0.48,0.37
1974,Toyota,Corolla SR5,RWD,88 HP,91 LB-FT,"2,065 LBS",1.59L,57%,3.7,3.4,2.2,2.9,2.2,5.4,13.517,56.754,179.5,434.2,0.78,0.78,103.3,0.82,0.43,0.00
2005,Toyota,Crown Super Deluxe Taxi,RWD,78 HP,118 LB-FT,"3,020 LBS",2L,56%,3.6,4.3,1.9,1.3,2.5,5.9,15.683,N/A,176.5,N/A,0.81,0.81,98.9,0.83,0.47,0.41
1979,Toyota,FJ40,AWD,135 HP,210 LB-FT,"3,417 LBS",4.23L,54%,3.4,2.6,2.4,3.4,2.3,7.8,13.774,N/A,166.8,N/A,0.74,0.74,95.6,0.66,0.50,0.00
2020,Toyota,GR Supra,RWD,335 HP,365 LB-FT,"3,397 LBS",3L,51%,6.2,5.5,5.5,5.8,4.6,5.3,3.729,9.283,130.9,323.4,0.99,1.04,168.5,0.84,0.51,0.39
2021,Toyota,GR Yaris,AWD,257 HP,265 LB-FT,"2,888 LBS",1.62L,59%,5.2,5.1,6.3,5.0,4.9,5.6,4.566,11.387,124.8,299.8,0.93,0.98,146.0,0.78,0.43,0.50
2022,Toyota,GR86,RWD,228 HP,184 LB-FT,"2,811 LBS",2.39L,53%,5.5,5.4,5.1,4.8,4.3,5.3,5.351,13.591,137.7,333.9,0.96,1.01,149.2,0.83,0.48,0.45
2017,Toyota,JPN Taxi,FWD,98 HP,397 LB-FT,"3,109 LBS",1.5L,60%,3.8,4.1,2.3,2.2,2.7,6.0,11.200,49.288,158.8,404.3,0.81,0.81,105.2,0.82,0.44,0.43
2025,Toyota,Land Cruiser,AWD,326 HP,465 LB-FT,"5,038 LBS",2.39L,50%,5.7,2.5,4.9,6.7,2.9,7.6,7.532,22.465,146.8,376.8,0.79,0.78,157.0,0.78,0.46,0.00
2016,Toyota,Land Cruiser Arctic Trucks AT37,AWD,161 HP,253 LB-FT,"4,993 LBS",2.98L,50%,4.2,3.8,2.7,2.5,2.7,9.5,13.013,46.803,160.8,407.9,0.84,0.83,115.2,0.74,0.48,0.00
1995,Toyota,MR2 GT,RWD,241 HP,228 LB-FT,"2,657 LBS",2L,42%,6.2,4.7,5.3,3.9,3.1,5.2,5.429,13.953,147.3,375.4,0.90,0.91,166.0,0.89,0.60,0.32
1989,Toyota,MR2 SC,RWD,145 HP,140 LB-FT,"2,620 LBS",1.59L,43%,5.1,4.4,3.8,3.3,2.8,5.6,6.882,19.440,156.0,389.8,0.84,0.87,140.3,0.88,0.58,0.33
1991,Toyota,Sera,FWD,108 HP,97 LB-FT,"2,050 LBS",1.5L,62%,4.3,4.1,2.7,1.7,3.0,5.6,10.405,30.621,165.7,397.6,0.87,0.89,119.8,0.87,0.56,0.45
1997,Toyota,Soarer 2.5 GT-T,RWD,276 HP,279 LB-FT,"3,461 LBS",2.49L,53%,6.2,4.6,4.1,2.9,3.1,5.9,6.924,15.834,151.4,377.6,0.88,0.88,168.7,0.88,0.48,0.43
1965,Toyota,Sports 800,RWD,44 HP,49 LB-FT,"1,329 LBS",0.79L,50%,3.1,4.5,1.8,2.3,2.9,6.0,15.790,N/A,171.8,N/A,0.86,0.93,88.8,0.88,0.50,0.40
1965,Toyota,Sports 800 Fanta Edition,RWD,44 HP,49 LB-FT,"1,329 LBS",0.79L,50%,3.1,4.5,1.8,2.3,2.9,6.0,15.790,N/A,171.8,N/A,0.86,0.93,88.8,0.88,0.50,0.40
1985,Toyota,Sprinter Trueno GT Apex,RWD,128 HP,110 LB-FT,"2,094 LBS",1.59L,53%,4.5,4.0,4.0,3.4,2.6,5.5,8.640,25.743,159.9,397.7,0.84,0.84,125.3,0.85,0.48,0.00
1985,Toyota,Sprinter Trueno GT Apex Forza Edition,RWD,201 HP,159 LB-FT,"1,969 LBS",1.79L,53%,5.0,5.8,4.5,4.6,5.5,4.4,N/A,N/A,N/A,N/A,N/A,N/A,N/A,N/A,N/A,N/A
1996,Toyota,Starlet Glanza V,FWD,133 HP,115 LB-FT,"2,094 LBS",1.33L,65%,5.0,3.9,4.0,2.1,3.0,5.6,7.860,21.688,150.2,380.1,0.86,0.88,138.5,0.87,0.42,0.53
1992,Toyota,Supra 2.0 GT,RWD,206 HP,203 LB-FT,"3,329 LBS",1.99L,53%,5.4,4.6,4.1,2.7,3.0,5.5,8.120,19.025,151.8,378.0,0.88,0.88,149.0,0.86,0.48,0.00
1998,Toyota,Supra RZ,RWD,320 HP,315 LB-FT,"3,329 LBS",3L,53%,6.4,4.8,4.6,3.1,3.5,5.2,5.252,12.385,140.3,349.1,0.92,0.94,175.8,0.88,0.48,0.43
2019,Toyota,Tacoma TRD Pro,AWD,278 HP,265 LB-FT,"4,425 LBS",3.46L,56%,4.9,3.4,3.2,2.5,3.1,8.9,7.617,23.271,148.3,376.0,0.84,0.83,133.6,0.77,0.39,0.00
2019,Toyota,Tacoma TRD Pro Forza Edition,AWD,1149 HP,1042 LB-FT,"2,661 LBS",3.46L,56%,8.2,9.5,10.0,10.0,10.0,6.0,N/A,N/A,N/A,N/A,N/A,N/A,N/A,N/A,N/A,N/A
2018,TVR,Griffith,RWD,480 HP,430 LB-FT,"2,645 LBS",4.95L,50%,7.2,6.9,5.9,6.3,6.8,4.7,3.855,7.687,105.6,249.3,1.14,1.26,198.4,0.85,0.52,0.38
2005,TVR,Sagaris,RWD,406 HP,349 LB-FT,"2,377 LBS",4L,53%,6.7,5.6,5.3,5.5,5.0,4.8,3.650,7.983,126.2,305.2,1.03,1.10,184.2,0.87,0.48,0.38
2015,Ultima,Evolution Coupe 1020,RWD,1020 HP,920 LB-FT,"2,102 LBS",6L,38%,N/A,N/A,N/A,N/A,N/A,N/A,2.357,4.685,94.0,217.6,1.37,1.71,244.3,N/A,N/A,N/A
1963,Volkswagen,Beetle,RWD,40 HP,65 LB-FT,"1,760 LBS",1.19L,42%,2.9,3.5,1.7,2.9,1.9,5.9,22.755,N/A,180.2,N/A,0.76,0.75,82.5,0.86,0.64,0.00
1969,Volkswagen,Class 5/1600 Baja Bug,RWD,80 HP,106 LB-FT,"2,400 LBS",1.58L,42%,3.5,4.3,2.5,4.7,3.1,8.0,13.297,N/A,136.2,N/A,0.86,0.85,98.6,0.78,0.51,0.00
1995,Volkswagen,Corrado VR6,FWD,178 HP,177 LB-FT,"2,734 LBS",2.79L,58%,5.4,4.4,3.6,3.3,2.8,5.3,7.252,18.854,151.9,385.7,0.86,0.87,148.3,0.88,0.63,0.48
1983,Volkswagen,Golf GTI,FWD,112 HP,109 LB-FT,"1,909 LBS",1.78L,63%,4.2,3.6,3.5,3.3,2.4,5.3,7.998,25.920,162.3,413.2,0.82,0.81,117.9,0.85,0.61,0.00
1992,Volkswagen,Golf Gti 16v Mk2,FWD,139 HP,120 LB-FT,"2,425 LBS",1.78L,63%,4.6,4.0,3.4,2.5,2.4,5.2,8.032,23.480,159.9,407.1,0.81,0.80,128.2,0.86,0.58,0.00
2010,Volkswagen,Golf R,AWD,267 HP,254 LB-FT,"3,188 LBS",1.98L,54%,5.8,5.3,5.0,3.2,3.5,5.8,5.620,13.719,140.6,356.9,0.91,0.92,161.5,0.85,0.49,0.45
2014,Volkswagen,Golf R,AWD,296 HP,280 LB-FT,"3,254 LBS",1.98L,61%,5.9,5.4,5.8,6.3,3.8,5.9,4.816,12.285,134.4,348.5,0.91,0.93,163.2,0.85,0.45,0.52
2021,Volkswagen,Golf R,AWD,288 HP,280 LB-FT,"3,300 LBS",1.98L,59%,5.9,5.5,5.6,6.2,3.9,5.9,4.992,12.585,134.9,346.5,0.92,0.96,161.3,0.85,0.46,0.50
2022,Volkswagen,Golf R,AWD,315 HP,280 LB-FT,"3,417 LBS",1.98L,59%,6.1,5.5,5.6,6.0,4.3,6.0,6.140,13.245,126.5,323.0,0.91,0.95,167.0,0.85,0.46,0.50
1982,Volkswagen,Pickup LX,FWD,52 HP,72 LB-FT,"2,174 LBS",1.59L,65%,2.7,3.3,1.6,2.4,2.5,6.6,22.741,N/A,176.9,N/A,0.78,0.78,76.3,0.76,0.43,0.00
1989,Volkswagen,Rallye Golf,AWD,158 HP,166 LB-FT,"2,635 LBS",1.76L,61%,5.1,4.6,3.2,4.5,2.9,5.9,8.422,23.167,145.3,381.0,0.86,0.87,141.9,0.85,0.41,0.52
2011,Volkswagen,Scirocco R,FWD,261 HP,258 LB-FT,"2,963 LBS",1.98L,65%,5.8,5.1,4.6,4.8,4.0,5.3,6.444,13.506,132.2,338.4,0.93,0.97,161.3,0.85,0.43,0.50
1963,Volkswagen,Type 2 De Luxe,RWD,50 HP,82 LB-FT,"2,513 LBS",1.49L,48%,2.6,3.5,1.5,3.0,2.0,5.9,25.618,N/A,175.8,N/A,0.73,0.73,73.5,0.74,0.57,0.00
1983,Volvo,242 Turbo Evolution,RWD,225 HP,250 LB-FT,"3,175 LBS",2.14L,54%,5.0,3.7,4.0,3.6,3.1,5.7,5.982,15.972,157.5,391.3,0.80,0.81,139.8,0.81,0.50,0.47
2013,Wuling,Sunshine S,RWD,84 HP,80 LB-FT,"2,789 LBS",1.21L,60%,3.1,4.2,1.5,1.9,2.6,6.5,15.818,N/A,175.9,N/A,0.79,0.78,85.4,0.72,0.36,0.00
2019,Zenvo,TSR-S,RWD,1177 HP,811 LB-FT,"3,417 LBS",5.8L,44%,9.2,9.1,7.6,8.3,10.0,4.8,2.667,4.683,69.8,160.6,1.65,2.00,254.1,0.82,0.58,0.29
1993,Porsche,911 Turbo S Leichtbau,RWD,381 HP,347 LB-FT,"2,844 LBS",3.30L,39%,7,5.4,6.6,3.5,5,5.2,3.847,8.766,116.4,287,1.09,1.16,191.6,0.854,0.6,0.29
